Date,MMWR_week,Location,Administered_Daily,Administered_Cumulative,Administered_7_Day_Rolling_Average,Admin_Dose_1_Daily,Admin_Dose_1_Cumulative,Admin_Dose_1_Day_Rolling_Average,date_type,Administered_daily_change_report,Administered_daily_change_report_7dayroll,Series_Complete_Daily,Series_Complete_Cumulative,Series_Complete_Day_Rolling_Average,Booster_Daily,Booster_Cumulative,Booster_7_Day_Rolling_Average
12/3/2021,48,DC,0,"1,173,103",863,0,"618,757",236,Admin,0,863,0,"457,985",459,0,78800,443
12/3/2021,48,DC,"3,201","1,173,103","2,662",980,"618,757",894,Report,"3,201","2,662","1,294","458,096",827,1356,78867,1294
12/2/2021,48,DC,0,"1,173,103","1,002",0,"618,757",275,Admin,0,"1,002",0,"457,985",524,0,78800,534
12/2/2021,48,DC,"1,870","1,169,902","2,204",619,"617,777",754,Report,"1,870","2,204",684,"456,802",643,876,77511,1100
12/1/2021,48,DC,"2,151","1,168,032","1,937",542,"617,158",665,Report,"2,151","1,937",769,"456,118",545,966,76635,975
12/1/2021,48,DC,"1,435","1,173,103","1,003",400,"618,757",276,Admin,"1,435","1,003",550,"457,985",525,829,78800,535
11/30/2021,48,DC,498,"1,165,881","2,087",108,"616,616",815,Report,498,"2,087",594,"455,349",491,372,75669,1039
11/30/2021,48,DC,"1,894","1,171,668",960,543,"618,357",274,Admin,"1,894",960,800,"457,435",480,935,77971,544
11/29/2021,48,DC,"1,480","1,169,774",992,496,"617,814",306,Admin,"1,480",992,600,"456,635",409,761,77036,617
11/29/2021,48,DC,"10,911","1,165,383","2,359","4,007","616,508",942,Report,"10,911","2,359","2,454","454,755",464,5488,75297,1166
11/28/2021,48,DC,0,"1,154,472","1,355",0,"612,501",664,Report,0,"1,355",0,"452,301",170,0,69809,600
11/28/2021,48,DC,701,"1,168,294","1,291",100,"617,318",431,Admin,701,"1,292",775,"456,035",382,220,76275,800
11/27/2021,47,DC,0,"1,154,472","1,887",0,"612,501",887,Report,0,"1,887",0,"452,301",230,0,69809,853
11/27/2021,47,DC,531,"1,167,593","1,368",111,"617,218",494,Admin,531,"1,368",488,"455,260",291,358,76055,875
11/26/2021,47,DC,0,"1,154,472","2,549",0,"612,501","1,220",Report,0,"2,549",0,"452,301",305,0,69809,1125
11/26/2021,47,DC,973,"1,167,062","1,625",276,"617,107",648,Admin,973,"1,626",459,"454,772",254,634,75697,978
11/25/2021,47,DC,10,"1,166,089","2,061",7,"616,831",858,Admin,10,"2,061",5,"454,313",250,7,75063,1178
11/25/2021,47,DC,0,"1,154,472","3,208",0,"612,501","1,529",Report,0,"3,208",0,"452,301",401,0,69809,1423
11/24/2021,47,DC,"3,203","1,154,472","3,723","1,591","612,501","1,805",Report,"3,203","3,723",395,"452,301",473,1419,69809,1633
11/24/2021,47,DC,"1,134","1,166,079","2,574",383,"616,824","1,069",Admin,"1,134","2,574",237,"454,308",307,896,75056,1440
11/23/2021,47,DC,"2,116","1,164,945","2,964",766,"616,441","1,230",Admin,"2,116","2,964",299,"454,071",331,1445,74160,1592
11/23/2021,47,DC,"2,402","1,151,269","3,722",998,"610,910","1,840",Report,"2,402","3,722",405,"451,906",464,1257,68390,1601
11/22/2021,47,DC,"3,578","1,162,829","3,251","1,371","615,675","1,386",Admin,"3,578","3,251",412,"453,772",356,2039,72715,1662
11/22/2021,47,DC,"3,878","1,148,867","3,929","2,061","609,912","2,074",Report,"3,878","3,929",396,"451,501",447,1526,67133,1574
11/21/2021,47,DC,"1,235","1,159,251","3,265",543,"614,304","1,389",Admin,"1,235","3,266",138,"453,360",357,747,70676,1647
11/21/2021,47,DC,"3,729","1,144,989","3,816","1,559","607,851","1,966",Report,"3,729","3,816",415,"451,105",448,1770,65607,1568
11/20/2021,46,DC,"2,333","1,158,016","3,253","1,190","613,761","1,394",Admin,"2,333","3,254",230,"453,222",358,1080,69929,1614
11/20/2021,46,DC,"4,631","1,141,260","3,781","2,331","606,292","1,978",Report,"4,631","3,781",530,"450,690",438,1909,63837,1520
11/19/2021,46,DC,"4,610","1,136,629","3,597","2,163","603,961","1,829",Report,"4,610","3,597",669,"450,160",426,2083,61928,1486
11/19/2021,46,DC,"4,022","1,155,683","3,295","1,746","612,571","1,452",Admin,"4,022","3,295",431,"452,992",359,2033,68849,1586
11/18/2021,46,DC,"3,610","1,132,019","3,695","1,929","601,798","1,856",Report,"3,610","3,695",503,"449,491",421,1472,59845,1499
11/18/2021,46,DC,"3,603","1,151,661","3,300","1,483","610,825","1,494",Admin,"3,603","3,301",403,"452,561",352,1840,66816,1547
11/17/2021,46,DC,"3,194","1,128,409","3,474","1,838","599,869","1,686",Report,"3,194","3,474",336,"448,988",403,1192,58373,1466
11/17/2021,46,DC,"3,863","1,148,058","3,246","1,513","609,342","1,487",Admin,"3,863","3,246",410,"452,158",337,1959,64976,1510
11/16/2021,46,DC,"3,851","1,125,215","3,232","2,640","598,031","1,493",Report,"3,851","3,232",286,"448,652",412,1072,57181,1412
11/16/2021,46,DC,"4,125","1,144,195","3,285","1,855","607,829","1,544",Admin,"4,125","3,285",472,"451,748",346,1939,63017,1480
11/15/2021,46,DC,"3,679","1,140,070","3,287","1,393","605,974","1,576",Admin,"3,679","3,287",418,"451,276",341,1929,61078,1445
11/15/2021,46,DC,"3,085","1,121,364","3,085","1,302","595,391","1,289",Report,"3,085","3,085",403,"448,366",421,1482,56109,1445
11/14/2021,46,DC,"1,151","1,136,391","3,297",580,"604,581","1,634",Admin,"1,151","3,297",148,"450,858",334,521,59149,1397
11/14/2021,46,DC,"3,485","1,118,279","3,043","1,642","594,089","1,281",Report,"3,485","3,043",341,"447,963",409,1432,54627,1408
11/13/2021,45,DC,"2,622","1,135,240","3,427","1,596","604,001","1,759",Admin,"2,622","3,428",232,"450,710",333,879,58628,1403
11/13/2021,45,DC,"3,342","1,114,794","3,145","1,288","592,447","1,283",Report,"3,342","3,145",444,"447,622",439,1672,53195,1496
11/12/2021,45,DC,"5,299","1,111,452","3,207","2,353","591,159","1,303",Report,"5,299","3,207",634,"447,178",463,2173,51523,1515
11/12/2021,45,DC,"4,061","1,132,618","3,361","2,037","602,405","1,689",Admin,"4,061","3,361",383,"450,478",340,1765,57749,1404
11/11/2021,45,DC,"2,060","1,106,153","2,930",736,"588,806","1,136",Report,"2,060","2,930",379,"446,544",448,1244,49350,1445
11/11/2021,45,DC,"3,224","1,128,557","3,480","1,432","600,368","1,722",Admin,"3,224","3,480",299,"450,095",349,1579,55984,1462
11/10/2021,45,DC,"1,502","1,104,093","3,375",489,"588,070","1,319",Report,"1,502","3,375",400,"446,165",528,813,48106,1590
11/10/2021,45,DC,"4,133","1,125,333","3,589","1,917","598,936","1,741",Admin,"4,133","3,590",472,"449,796",375,1749,54405,1523
11/9/2021,45,DC,"4,140","1,121,200","3,559","2,080","597,019","1,682",Admin,"4,140","3,560",441,"449,324",377,1691,52656,1545
11/9/2021,45,DC,"2,824","1,102,591","3,527","1,211","587,581","1,358",Report,"2,824","3,527",350,"445,765",529,1304,47293,1671
11/8/2021,45,DC,"3,750","1,117,060","3,518","1,795","594,939","1,600",Admin,"3,750","3,518",367,"448,883",384,1597,50965,1576
11/8/2021,45,DC,"2,787","1,099,767","3,437","1,246","586,370","1,312",Report,"2,787","3,437",320,"445,415",531,1224,45989,1656
11/7/2021,45,DC,"4,199","1,096,980","3,502","1,660","585,124","1,316",Report,"4,199","3,502",546,"445,095",555,2044,44765,1697
11/7/2021,45,DC,"2,065","1,113,310","3,546","1,454","593,144","1,557",Admin,"2,065","3,547",137,"448,516",403,561,49368,1639
11/6/2021,44,DC,"3,780","1,092,781","3,457","1,427","583,464","1,278",Report,"3,780","3,457",615,"444,549",572,1808,42721,1680
11/6/2021,44,DC,"2,154","1,111,245","3,413","1,111","591,690","1,426",Admin,"2,154","3,413",281,"448,379",405,887,48807,1640
11/5/2021,44,DC,"3,361","1,089,001","3,445","1,180","582,037","1,266",Report,"3,361","3,445",526,"443,934",547,1684,40913,1651
11/5/2021,44,DC,"4,896","1,109,091","3,380","2,264","590,579","1,366",Admin,"4,896","3,381",449,"448,098",424,2172,47920,1642
11/4/2021,44,DC,"5,174","1,085,640","4,300","2,021","580,857","1,583",Report,"5,174","4,300",942,"443,408",618,2255,39229,5604
11/4/2021,44,DC,"3,990","1,104,195","3,242","1,568","588,315","1,244",Admin,"3,990","3,242",479,"447,649",433,2004,45748,1606
11/3/2021,44,DC,"3,924","1,100,205","3,214","1,500","586,747","1,213",Admin,"3,924","3,214",490,"447,170",433,1904,43744,1582
11/3/2021,44,DC,"2,565","1,080,466","3,589",762,"578,836","1,302",Report,"2,565","3,589",408,"442,466",515,1379,36974,5282
11/2/2021,44,DC,"3,850","1,096,281","3,192","1,511","585,247","1,194",Admin,"3,850","3,192",489,"446,680",427,1905,41840,1573
11/2/2021,44,DC,"2,194","1,077,901","3,579",886,"578,074","1,324",Report,"2,194","3,579",364,"442,058",537,1200,35595,5085
11/1/2021,44,DC,"3,244","1,075,707","3,405","1,276","577,188","1,251",Report,"3,244","3,405",484,"441,694",527,1512,34395,4913
11/1/2021,44,DC,"3,949","1,092,431","3,222","1,494","583,736","1,190",Admin,"3,949","3,223",497,"446,191",426,2038,39935,1586
10/31/2021,44,DC,"1,130","1,088,482","3,173",533,"582,242","1,164",Admin,"1,130","3,174",155,"445,694",423,571,37897,1557
10/31/2021,44,DC,"3,881","1,072,463","3,182","1,393","575,912","1,178",Report,"3,881","3,182",668,"441,210",516,1922,32883,4697
10/30/2021,43,DC,"1,927","1,087,352","3,152",695,"581,709","1,153",Admin,"1,927","3,152",410,"445,539",419,899,37326,1543
10/30/2021,43,DC,"3,693","1,068,582","2,909","1,342","574,519","1,074",Report,"3,693","2,909",437,"440,542",487,1611,30961,4423
10/29/2021,43,DC,"9,346","1,064,889","2,788","3,403","573,177","1,034",Report,"9,346","2,788","1,028","440,105",510,29350,29350,4192
10/29/2021,43,DC,"3,924","1,085,425","3,081","1,408","581,014","1,124",Admin,"3,924","3,081",514,"445,129",402,1921,36427,1521
10/28/2021,43,DC,"3,796","1,081,501","3,004","1,353","579,606","1,086",Admin,"3,796","3,004",479,"444,615",403,1834,34506,1488
10/28/2021,43,DC,202,"1,055,543","2,114",55,"569,774",851,Report,202,"2,114",220,"439,077",547,0,0,0
10/27/2021,43,DC,"2,493","1,055,341","2,402",915,"569,719",956,Report,"2,493","2,402",558,"438,857",597,0,0,0
10/27/2021,43,DC,"3,769","1,077,705","2,791","1,363","578,253","1,006",Admin,"3,769","2,791",450,"444,136",405,1840,32672,1340
10/26/2021,43,DC,"4,063","1,073,936","2,566","1,485","576,890",924,Admin,"4,063","2,566",482,"443,686",408,2001,30832,1183
10/26/2021,43,DC,977,"1,052,848","2,289",375,"568,804",909,Report,977,"2,289",294,"438,299",581,0,0,0
10/25/2021,43,DC,"1,682","1,051,871","2,301",762,"568,429",928,Report,"1,682","2,301",411,"438,005",590,0,0,0
10/25/2021,43,DC,"3,606","1,069,873","2,315","1,311","575,405",827,Admin,"3,606","2,315",474,"443,204",413,1834,28831,1012
10/24/2021,43,DC,982,"1,066,267","2,096",454,"574,094",758,Admin,982,"2,096",129,"442,730",407,469,26997,860
10/24/2021,43,DC,"1,970","1,050,189","2,253",666,"567,667",897,Report,"1,970","2,253",464,"437,594",586,0,0,0
10/23/2021,42,DC,"1,427","1,065,285","2,012",493,"573,640",720,Admin,"1,427","2,013",289,"442,601",408,749,26528,811
10/23/2021,42,DC,"2,849","1,048,219","2,309","1,065","567,001",912,Report,"2,849","2,309",597,"437,130",594,0,0,0
10/22/2021,42,DC,"4,627","1,045,370","2,222","2,122","565,936",872,Report,"4,627","2,222","1,285","436,533",586,0,0,0
10/22/2021,42,DC,"3,388","1,063,858","1,941","1,142","573,147",704,Admin,"3,388","1,941",524,"442,312",410,1691,25779,746
10/21/2021,42,DC,"2,213","1,040,743","1,892",790,"563,814",679,Report,"2,213","1,892",572,"435,248",491,0,0,0
10/21/2021,42,DC,"2,302","1,060,470","1,801",792,"572,005",645,Admin,"2,302","1,801",488,"441,788",408,798,24088,623
10/20/2021,42,DC,"2,197","1,058,168","1,772",792,"571,213",627,Admin,"2,197","1,772",471,"441,300",404,739,23290,619
10/20/2021,42,DC,"1,705","1,038,530","1,978",581,"563,024",710,Report,"1,705","1,978",444,"434,676",526,0,0,0
10/19/2021,42,DC,"2,305","1,055,971","1,764",808,"570,421",617,Admin,"2,305","1,765",518,"440,829",403,806,22551,622
10/19/2021,42,DC,"1,061","1,036,825","1,886",512,"562,443",681,Report,"1,061","1,886",363,"434,232",512,0,0,0
10/18/2021,42,DC,"1,349","1,035,764","1,795",542,"561,931",632,Report,"1,349","1,795",379,"433,869",484,0,0,0
10/18/2021,42,DC,"2,072","1,053,666","1,767",823,"569,613",616,Admin,"2,072","1,768",432,"440,311",410,770,21745,616
10/17/2021,42,DC,397,"1,051,594","1,721",188,"568,790",592,Admin,397,"1,722",140,"439,879",400,127,20975,598
10/17/2021,42,DC,"2,360","1,034,415","1,815",774,"561,389",646,Report,"2,360","1,815",521,"433,490",479,0,0,0
10/16/2021,41,DC,"2,241","1,032,055","1,939",783,"560,615",693,Report,"2,241","1,939",541,"432,969",504,0,0,0
10/16/2021,41,DC,927,"1,051,197","1,755",380,"568,602",605,Admin,927,"1,755",300,"439,739",400,289,20848,614
10/15/2021,41,DC,"2,313","1,029,814","1,955",772,"559,832",670,Report,"2,313","1,955",623,"432,428",522,0,0,0
10/15/2021,41,DC,"2,410","1,050,270","1,788",729,"568,222",627,Admin,"2,410","1,789",510,"439,439",402,829,20559,619
10/14/2021,41,DC,"2,815","1,027,501","1,958","1,008","559,060",684,Report,"2,815","1,958",816,"431,805",538,0,0,0
10/14/2021,41,DC,"2,099","1,047,860","1,782",671,"567,493",652,Admin,"2,099","1,782",459,"438,929",398,775,19730,607
10/13/2021,41,DC,"2,144","1,045,761","1,868",719,"566,822",679,Admin,"2,144","1,869",465,"438,470",414,757,18955,625
10/13/2021,41,DC,"1,066","1,024,686","1,849",374,"558,052",637,Report,"1,066","1,849",341,"430,989",494,0,0,0
10/12/2021,41,DC,"2,326","1,043,617","1,862",804,"566,103",672,Admin,"2,326","1,862",569,"438,005",409,765,18198,609
10/12/2021,41,DC,419,"1,023,620","2,032",170,"557,678",705,Report,419,"2,032",172,"430,648",536,0,0,0
10/11/2021,41,DC,"1,749","1,041,291","1,823",651,"565,299",654,Admin,"1,749","1,823",357,"437,436",396,647,17433,600
10/11/2021,41,DC,"1,489","1,023,201","2,199",641,"557,508",781,Report,"1,489","2,199",339,"430,476",553,0,0,0
10/10/2021,41,DC,630,"1,039,542","1,900",279,"564,648",684,Admin,630,"1,901",143,"437,079",405,238,16786,626
10/10/2021,41,DC,"3,227","1,021,712","2,447","1,100","556,867",902,Report,"3,227","2,447",697,"430,137",604,0,0,0
10/9/2021,40,DC,"1,163","1,038,912","1,892",536,"564,369",682,Admin,"1,163","1,892",315,"436,936",408,323,16548,617
10/9/2021,40,DC,"2,356","1,018,485","2,184",623,"555,767",831,Report,"2,356","2,184",671,"429,440",570,0,0,0
10/8/2021,40,DC,"2,334","1,016,129","2,101",869,"555,144",856,Report,"2,334","2,101",730,"428,769",547,0,0,0
10/8/2021,40,DC,"2,366","1,037,749","1,877",901,"563,833",672,Admin,"2,366","1,877",480,"436,621",409,746,16225,611
10/7/2021,40,DC,"2,702","1,035,383","1,886",864,"562,932",689,Admin,"2,702","1,887",570,"436,141",420,901,15479,621
10/7/2021,40,DC,"2,054","1,013,795","2,089",684,"554,275",880,Report,"2,054","2,089",514,"428,039",510,0,0,0
10/6/2021,40,DC,"2,346","1,011,741","2,066",849,"553,591",913,Report,"2,346","2,066",630,"427,525",506,0,0,0
10/6/2021,40,DC,"2,100","1,032,681","1,867",672,"562,068",733,Admin,"2,100","1,868",429,"435,571",418,644,14578,594
10/5/2021,40,DC,"1,584","1,009,395","1,969",701,"552,742",915,Report,"1,584","1,969",294,"426,895",476,0,0,0
10/5/2021,40,DC,"2,054","1,030,581","1,911",673,"561,396",789,Admin,"2,054","1,912",482,"435,142",433,701,13934,597
10/4/2021,40,DC,"3,227","1,007,811","1,854","1,491","552,041",866,Report,"3,227","1,854",697,"426,601",485,0,0,0
10/4/2021,40,DC,"2,289","1,028,527","1,953",861,"560,723",855,Admin,"2,289","1,953",419,"434,660",450,831,13233,587
10/3/2021,40,DC,573,"1,026,238","1,900",270,"559,862",876,Admin,573,"1,900",163,"434,241",432,176,12402,562
10/3/2021,40,DC,"1,384","1,004,584","1,623",602,"550,550",760,Report,"1,384","1,623",459,"425,904",444,0,0,0
10/2/2021,39,DC,"1,779","1,003,200","1,665",797,"549,948",786,Report,"1,779","1,665",511,"425,445",461,0,0,0
10/2/2021,39,DC,"1,055","1,025,665","1,918",465,"559,592",879,Admin,"1,055","1,918",326,"434,078",439,277,12226,566
10/1/2021,39,DC,"2,247","1,001,421","2,100","1,034","549,151",990,Report,"2,247","2,100",467,"424,934",656,0,0,0
10/1/2021,39,DC,"2,433","1,024,610","1,952","1,018","559,127",913,Admin,"2,433","1,953",551,"433,752",445,819,11949,562
9/30/2021,39,DC,"2,571","1,022,177","1,865","1,170","558,109",885,Admin,"2,571","1,865",559,"433,201",453,709,11130,504
9/30/2021,39,DC,"1,898","999,174","2,021",919,"548,117",956,Report,"1,898","2,021",488,"424,467",689,0,0,0
9/29/2021,39,DC,"2,407","1,019,606","1,710","1,066","556,939",825,Admin,"2,407","1,711",532,"432,642",443,668,10421,436
9/29/2021,39,DC,"1,664","997,276","1,949",864,"547,198",918,Report,"1,664","1,949",421,"423,979",705,0,0,0
9/28/2021,39,DC,"2,343","1,017,199","1,552","1,133","555,873",767,Admin,"2,343","1,552",601,"432,110",431,629,9753,368
9/28/2021,39,DC,778,"995,612","1,972",354,"546,334",912,Report,778,"1,972",354,"423,558",737,0,0,0
9/27/2021,39,DC,"1,918","1,014,856","1,460","1,009","554,740",723,Admin,"1,918","1,461",293,"431,509",433,654,9124,311
9/27/2021,39,DC,"1,613","994,834","1,999",751,"545,980",927,Report,"1,613","1,999",411,"423,204",742,0,0,0
9/26/2021,39,DC,"1,674","993,221","1,928",786,"545,229",902,Report,"1,674","1,928",579,"422,793",755,0,0,0
9/26/2021,39,DC,702,"1,012,938","1,392",292,"553,731",671,Admin,702,"1,393",216,"431,216",465,209,8470,252
9/25/2021,38,DC,"1,294","1,012,236","1,361",703,"553,439",660,Admin,"1,294","1,362",364,"431,000",461,244,8261,237
9/25/2021,38,DC,"4,825","991,547","1,934","2,220","544,443",909,Report,"4,825","1,934","1,876","422,214",764,0,0,0
9/24/2021,38,DC,"1,694","986,722","1,529",797,"542,223",733,Report,"1,694","1,529",694,"420,338",606,0,0,0
9/24/2021,38,DC,"1,822","1,010,942","1,335",822,"552,736",639,Admin,"1,822","1,336",607,"430,636",475,418,8017,220
9/23/2021,38,DC,"1,489","1,009,120","1,334",749,"551,914",646,Admin,"1,489","1,335",491,"430,029",477,232,7599,192
9/23/2021,38,DC,"1,397","985,028","1,480",657,"541,426",726,Report,"1,397","1,480",605,"419,644",585,0,0,0
9/22/2021,38,DC,"1,299","1,007,631","1,340",663,"551,165",652,Admin,"1,299","1,340",446,"429,538",487,191,7367,182
9/22/2021,38,DC,"1,820","983,631","1,521",818,"540,769",764,Report,"1,820","1,521",644,"419,039",597,0,0,0
9/21/2021,38,DC,970,"981,811","1,457",460,"539,951",758,Report,970,"1,457",391,"418,395",572,0,0,0
9/21/2021,38,DC,"1,700","1,006,332","1,390",820,"550,502",672,Admin,"1,700","1,390",620,"429,092",512,231,7176,181
9/20/2021,38,DC,"1,115","980,841","1,827",576,"539,491",955,Report,"1,115","1,827",497,"418,004",687,0,0,0
9/20/2021,38,DC,"1,444","1,004,632","1,398",646,"549,682",694,Admin,"1,444","1,398",511,"428,472",516,242,6945,171
9/19/2021,38,DC,"1,720","979,726","1,670",836,"538,915",874,Report,"1,720","1,670",646,"417,507",633,0,0,0
9/19/2021,38,DC,485,"1,003,188","1,394",217,"549,036",712,Admin,485,"1,394",194,"427,961",515,98,6703,158
9/18/2021,37,DC,"1,990","978,006","1,447",990,"538,079",766,Report,"1,990","1,447",771,"416,861",564,0,0,0
9/18/2021,37,DC,"1,110","1,002,703","1,387",555,"548,819",714,Admin,"1,110","1,387",460,"427,767",513,125,6605,153
9/17/2021,37,DC,"1,816","1,001,593","1,375",874,"548,264",712,Admin,"1,816","1,376",622,"427,307",509,227,6480,148
9/17/2021,37,DC,"1,350","976,016","1,493",742,"537,089",793,Report,"1,350","1,493",547,"416,090",572,0,0,0
9/16/2021,37,DC,"1,529","999,777","1,353",789,"547,390",713,Admin,"1,529","1,353",562,"426,685",508,163,6253,148
9/16/2021,37,DC,"1,681","974,666","1,660",925,"536,347",780,Report,"1,681","1,660",689,"415,543",743,0,0,0
9/15/2021,37,DC,"1,646","998,248","1,351",803,"546,601",708,Admin,"1,646","1,351",618,"426,123",512,181,6090,153
9/15/2021,37,DC,"1,375","972,985","1,550",775,"535,422",704,Report,"1,375","1,550",468,"414,854",704,0,0,0
9/14/2021,37,DC,"3,559","971,610","1,438","1,841","534,647",634,Report,"3,559","1,438","1,191","414,386",668,0,0,0
9/14/2021,37,DC,"1,757","996,602","1,322",974,"545,798",703,Admin,"1,757","1,322",646,"425,505",502,159,5909,155
9/13/2021,37,DC,"1,415","994,845","1,317",771,"544,824",680,Admin,"1,415","1,318",503,"424,859",509,153,5750,163
9/13/2021,37,DC,14,"968,051","1,044",6,"532,806",427,Report,14,"1,044",122,"413,195",530,0,0,0
9/12/2021,37,DC,162,"968,037","1,563",85,"532,800",695,Report,162,"1,563",165,"413,073",673,0,0,0
9/12/2021,37,DC,438,"993,430","1,135",233,"544,053",580,Admin,438,"1,135",182,"424,356",446,60,5597,144
9/11/2021,36,DC,"2,312","967,875","1,566","1,178","532,715",690,Report,"2,312","1,566",825,"412,908",670,0,0,0
9/11/2021,36,DC,"1,030","992,992","1,144",543,"543,820",588,Admin,"1,030","1,144",434,"424,174",445,90,5537,147
9/10/2021,36,DC,"1,658","991,962","1,125",881,"543,277",576,Admin,"1,658","1,125",611,"423,740",437,229,5447,155
9/10/2021,36,DC,"2,516","965,563","2,004",647,"531,537",898,Report,"2,516","2,004","1,747","412,083",869,0,0,0
9/9/2021,36,DC,915,"963,047","1,809",398,"530,890",884,Report,915,"1,809",412,"410,336",707,0,0,0
9/9/2021,36,DC,"1,513","990,304","1,119",749,"542,396",571,Admin,"1,513","1,119",595,"423,129",431,202,5218,157
9/8/2021,36,DC,590,"962,132","1,928",283,"530,492",962,Report,590,"1,928",214,"409,924",720,0,0,0
9/8/2021,36,DC,"1,444","988,791","1,151",773,"541,647",591,Admin,"1,444","1,151",543,"422,534",434,193,5016,164
9/7/2021,36,DC,800,"961,542","2,062",394,"530,209","1,045",Report,800,"2,062",228,"409,710",762,0,0,0
9/7/2021,36,DC,"1,725","987,347","1,124",810,"540,874",575,Admin,"1,725","1,125",696,"421,991",417,212,4823,169
9/6/2021,36,DC,"3,648","960,742","2,052","1,880","529,815","1,042",Report,"3,648","2,052","1,122","409,482",772,0,0,0
9/6/2021,36,DC,138,"985,622","1,124",72,"540,064",600,Admin,138,"1,124",65,"421,295",404,20,4611,170
9/5/2021,36,DC,503,"985,484","1,305",286,"539,992",698,Admin,503,"1,305",174,"421,230",468,86,4591,197
9/5/2021,36,DC,183,"957,094","1,782",47,"527,935",905,Report,183,"1,782",145,"408,360",694,0,0,0
9/4/2021,35,DC,896,"984,981","1,312",462,"539,706",703,Admin,896,"1,312",376,"421,056",475,145,4505,198
9/4/2021,35,DC,"5,373","956,911","2,024","2,636","527,888","1,031",Report,"5,373","2,024","2,219","408,215",769,0,0,0
9/3/2021,35,DC,"1,615","984,085","1,361",847,"539,244",730,Admin,"1,615","1,361",574,"420,680",495,238,4360,195
9/3/2021,35,DC,"1,152","951,538","1,554",552,"525,252",816,Report,"1,152","1,554",610,"405,996",542,0,0,0
9/2/2021,35,DC,"1,737","982,470","1,386",890,"538,397",748,Admin,"1,737","1,387",611,"420,106",493,251,4122,199
9/2/2021,35,DC,"1,749","950,386","1,629",939,"524,700",861,Report,"1,749","1,629",505,"405,386",540,0,0,0
9/1/2021,35,DC,"1,260","980,733","1,386",659,"537,507",752,Admin,"1,260","1,386",427,"419,495",494,228,3871,199
9/1/2021,35,DC,"1,527","948,637","1,630",865,"523,761",858,Report,"1,527","1,630",510,"404,881",548,0,0,0
8/31/2021,35,DC,"1,719","979,473","1,454",981,"536,848",793,Admin,"1,719","1,454",602,"419,068",509,225,3643,205
8/31/2021,35,DC,732,"947,110","1,538",373,"522,896",790,Report,732,"1,538",297,"404,371",532,0,0,0
8/30/2021,35,DC,"1,759","946,378","1,595",920,"522,523",826,Report,"1,759","1,595",575,"404,074",542,0,0,0
8/30/2021,35,DC,"1,406","977,754","1,473",763,"535,867",799,Admin,"1,406","1,474",513,"418,466",512,208,3418,214
8/29/2021,35,DC,"1,874","944,619","1,506",931,"521,603",775,Report,"1,874","1,506",673,"403,499",532,0,0,0
8/29/2021,35,DC,551,"976,348","1,501",316,"535,104",806,Admin,551,"1,502",223,"417,953",506,93,3210,235
8/28/2021,34,DC,"2,086","942,745","1,539","1,134","520,672",802,Report,"2,086","1,539",625,"402,826",526,0,0,0
8/28/2021,34,DC,"1,240","975,797","1,490",652,"534,788",793,Admin,"1,240","1,491",515,"417,730",500,120,3117,237
8/27/2021,34,DC,"1,793","974,557","1,478",978,"534,136",790,Admin,"1,793","1,479",561,"417,215",492,271,2997,238
8/27/2021,34,DC,"1,679","940,659","1,495",864,"519,538",767,Report,"1,679","1,495",596,"402,201",518,0,0,0
8/26/2021,34,DC,"1,735","972,764","1,458",917,"533,158",773,Admin,"1,735","1,459",617,"416,654",496,247,2726,237
8/26/2021,34,DC,"1,752","938,980","1,500",919,"518,674",783,Report,"1,752","1,500",565,"401,605",521,0,0,0
8/25/2021,34,DC,884,"937,228","1,436",387,"517,755",770,Report,884,"1,436",398,"401,040",512,0,0,0
8/25/2021,34,DC,"1,736","971,029","1,463",945,"532,241",776,Admin,"1,736","1,463",533,"416,037",488,272,2479,244
8/24/2021,34,DC,"1,854","969,293","1,429","1,024","531,296",762,Admin,"1,854","1,430",623,"415,504",482,285,2207,234
8/24/2021,34,DC,"1,133","936,344","1,444",629,"517,368",793,Report,"1,133","1,444",365,"400,642",507,0,0,0
8/23/2021,34,DC,"1,132","935,211","1,425",561,"516,739",784,Report,"1,132","1,425",505,"400,277",450,0,0,0
8/23/2021,34,DC,"1,604","967,439","1,408",808,"530,272",760,Admin,"1,604","1,409",470,"414,881",473,360,1922,220
8/22/2021,34,DC,473,"965,835","1,350",226,"529,464",743,Admin,473,"1,350",183,"414,411",463,102,1562,194
8/22/2021,34,DC,"2,109","934,079","1,378","1,117","516,178",780,Report,"2,109","1,378",631,"399,772",427,0,0,0
8/21/2021,33,DC,"1,157","965,362","1,351",634,"529,238",752,Admin,"1,157","1,351",461,"414,228",464,129,1460,190
8/21/2021,33,DC,"1,777","931,970","1,287",893,"515,061",743,Report,"1,777","1,287",572,"399,141",410,0,0,0
8/20/2021,33,DC,"1,711","930,193","1,392",973,"514,168",750,Report,"1,711","1,392",617,"398,569",488,0,0,0
8/20/2021,33,DC,"1,651","964,205","1,339",857,"528,604",758,Admin,"1,651","1,340",590,"413,767",444,263,1331,185
8/19/2021,33,DC,"1,769","962,554","1,275",940,"527,747",735,Admin,"1,769","1,275",562,"413,177",433,297,1068,153
8/19/2021,33,DC,"1,303","928,482","1,369",828,"513,195",752,Report,"1,303","1,369",497,"397,952",483,0,0,0
8/18/2021,33,DC,943,"927,179","1,444",547,"512,367",804,Report,943,"1,444",366,"397,455",526,0,0,0
8/18/2021,33,DC,"1,500","960,785","1,213",845,"526,807",719,Admin,"1,500","1,214",485,"412,615",426,205,771,110
8/17/2021,33,DC,"1,001","926,236","1,431",567,"511,820",799,Report,"1,001","1,431",-33,"397,089",527,0,0,0
8/17/2021,33,DC,"1,708","959,285","1,159","1,009","525,962",704,Admin,"1,708","1,160",564,"412,130",414,183,566,81
8/16/2021,33,DC,801,"925,235","1,405",538,"511,253",798,Report,801,"1,405",342,"397,122",575,0,0,0
8/16/2021,33,DC,"1,195","957,577","1,121",690,"524,953",692,Admin,"1,195","1,122",400,"411,566",417,178,383,55
8/15/2021,33,DC,480,"956,382","1,101",288,"524,263",687,Admin,480,"1,101",187,"411,166",419,73,205,29
8/15/2021,33,DC,"1,470","924,434","1,420",855,"510,715",807,Report,"1,470","1,420",509,"396,780",574,0,0,0
8/14/2021,32,DC,"1,075","955,902","1,079",676,"523,975",676,Admin,"1,075","1,079",325,"410,979",415,99,132,19
8/14/2021,32,DC,"2,515","922,964","1,610",942,"509,860",915,Report,"2,515","1,610","1,124","396,271",670,0,0,0
8/13/2021,32,DC,"1,199","954,827","1,083",700,"523,299",682,Admin,"1,199","1,083",508,"410,654",425,33,33,5
8/13/2021,32,DC,"1,548","920,449","1,629",985,"508,918",968,Report,"1,548","1,629",581,"395,147",689,0,0,0
8/12/2021,32,DC,"1,340","953,628","1,085",826,"522,599",691,Admin,"1,340","1,085",513,"410,146",418,0,0,0
8/12/2021,32,DC,"1,833","918,901","1,750","1,194","507,933",943,Report,"1,833","1,750",799,"394,566",829,0,0,0
8/11/2021,32,DC,"1,121","952,288","1,068",740,"521,773",691,Admin,"1,121","1,069",406,"409,633",404,0,0,0
8/11/2021,32,DC,848,"917,068","1,676",510,"506,739",884,Report,848,"1,676",371,"393,767",793,0,0,0
8/10/2021,32,DC,"1,441","951,167","1,090",925,"521,033",706,Admin,"1,441","1,090",580,"409,227",402,0,0,0
8/10/2021,32,DC,820,"916,220","1,668",565,"506,229",877,Report,820,"1,668",300,"393,396",791,0,0,0
8/9/2021,32,DC,903,"915,400","1,619",598,"505,664",841,Report,903,"1,619",337,"393,096",777,0,0,0
8/9/2021,32,DC,"1,054","949,726","1,055",656,"520,108",682,Admin,"1,054","1,056",419,"408,647",387,0,0,0
8/8/2021,32,DC,326,"948,672","1,063",207,"519,452",682,Admin,326,"1,063",157,"408,228",385,0,0,0
8/8/2021,32,DC,"2,805","914,497","1,674","1,611","505,066",869,Report,"2,805","1,674","1,184","392,759",800,0,0,0
8/7/2021,31,DC,"1,102","948,346","1,071",720,"519,245",688,Admin,"1,102","1,072",397,"408,071",384,0,0,0
8/7/2021,31,DC,"2,645","911,692","1,526","1,316","503,455",789,Report,"2,645","1,526","1,252","391,575",728,0,0,0
8/6/2021,31,DC,"1,211","947,244","1,060",762,"518,525",676,Admin,"1,211","1,061",456,"407,674",386,0,0,0
8/6/2021,31,DC,"2,397","909,047","1,367",804,"502,139",730,Report,"2,397","1,367","1,562","390,323",644,0,0,0
8/5/2021,31,DC,"1,314","906,650","1,190",787,"501,335",710,Report,"1,314","1,190",547,"388,761",495,0,0,0
8/5/2021,31,DC,"1,225","946,033","1,071",827,"517,763",676,Admin,"1,225","1,071",413,"407,218",395,0,0,0
8/4/2021,31,DC,"1,273","944,808","1,054",847,"516,936",660,Admin,"1,273","1,055",396,"406,805",397,0,0,0
8/4/2021,31,DC,792,"905,336","1,124",461,"500,548",670,Report,792,"1,124",355,"388,214",478,0,0,0
8/3/2021,31,DC,479,"904,544","1,089",309,"500,087",654,Report,479,"1,089",206,"387,859",466,0,0,0
8/3/2021,31,DC,"1,199","943,535","1,038",755,"516,089",639,Admin,"1,199","1,038",471,"406,409",405,0,0,0
8/2/2021,31,DC,"1,108","942,336","1,053",658,"515,334",639,Admin,"1,108","1,053",409,"405,938",418,0,0,0
8/2/2021,31,DC,"1,283","904,065","1,146",794,"499,778",695,Report,"1,283","1,146",498,"387,653",483,0,0,0
8/1/2021,31,DC,385,"941,228","1,010",244,"514,676",615,Admin,385,"1,010",152,"405,529",408,0,0,0
8/1/2021,31,DC,"1,769","902,782","1,086","1,051","498,984",655,Report,"1,769","1,086",680,"387,155",462,0,0,0
7/31/2021,30,DC,"1,537","901,013","1,020",906,"497,933",606,Report,"1,537","1,020",663,"386,475",441,0,0,0
7/31/2021,30,DC,"1,024","940,843",994,640,"514,432",608,Admin,"1,024",994,408,"405,377",400,0,0,0
7/30/2021,30,DC,"1,283","939,819",960,760,"513,792",590,Admin,"1,283",960,522,"404,969",384,0,0,0
7/30/2021,30,DC,"1,157","899,476","1,028",664,"497,027",594,Report,"1,157","1,028",522,"385,812",449,0,0,0
7/29/2021,30,DC,851,"898,319",995,506,"496,363",562,Report,851,995,428,"385,290",452,0,0,0
7/29/2021,30,DC,"1,111","938,536",945,716,"513,032",578,Admin,"1,111",945,422,"404,447",378,0,0,0
7/28/2021,30,DC,"1,157","937,425",954,698,"512,316",574,Admin,"1,157",955,453,"404,025",390,0,0,0
7/28/2021,30,DC,549,"897,468","1,034",349,"495,857",571,Report,549,"1,034",266,"384,862",474,0,0,0
7/27/2021,30,DC,878,"896,919","1,096",596,"495,508",595,Report,878,"1,096",327,"384,596",495,0,0,0
7/27/2021,30,DC,"1,304","936,268",947,760,"511,618",568,Admin,"1,304",948,566,"403,572",389,0,0,0
7/26/2021,30,DC,864,"896,041",811,515,"494,912",450,Report,864,811,353,"384,269",400,0,0,0
7/26/2021,30,DC,809,"934,964",924,488,"510,858",554,Admin,809,924,337,"403,006",378,0,0,0
7/25/2021,30,DC,271,"934,155",947,191,"510,370",556,Admin,271,948,92,"402,669",398,0,0,0
7/25/2021,30,DC,"1,307","895,177",840,706,"494,397",451,Report,"1,307",840,533,"383,916",431,0,0,0
7/24/2021,29,DC,"1,590","893,870",838,823,"493,691",441,Report,"1,590",838,715,"383,383",446,0,0,0
7/24/2021,29,DC,788,"933,884",951,518,"510,179",553,Admin,788,952,302,"402,577",406,0,0,0
7/23/2021,29,DC,"1,177","933,096",976,673,"509,661",555,Admin,"1,177",976,476,"402,275",429,0,0,0
7/23/2021,29,DC,929,"892,280",971,441,"492,868",559,Report,929,971,542,"382,668",466,0,0,0
7/22/2021,29,DC,"1,176","931,919",973,690,"508,988",555,Admin,"1,176",973,507,"401,799",433,0,0,0
7/22/2021,29,DC,"1,123","891,351",998,565,"492,427",585,Report,"1,123",998,588,"382,126",464,0,0,0
7/21/2021,29,DC,984,"890,228","1,013",522,"491,862",596,Report,984,"1,013",407,"381,538",464,0,0,0
7/21/2021,29,DC,"1,110","930,743",980,655,"508,298",550,Admin,"1,110",980,449,"401,292",445,0,0,0
7/20/2021,29,DC,"-1,120","889,244","1,093",-425,"491,340",612,Report,"-1,120","1,093",-334,"381,131",470,0,0,0
7/20/2021,29,DC,"1,140","929,633",965,661,"507,643",541,Admin,"1,140",965,483,"400,843",447,0,0,0
7/19/2021,29,DC,"1,070","890,364","1,306",526,"491,765",703,Report,"1,070","1,306",569,"381,465",550,0,0,0
7/19/2021,29,DC,972,"928,493",984,503,"506,982",552,Admin,972,984,481,"400,360",461,0,0,0
7/18/2021,29,DC,"1,287","889,294","1,369",635,"491,239",736,Report,"1,287","1,369",637,"380,896",577,0,0,0
7/18/2021,29,DC,300,"927,521","1,006",172,"506,479",570,Admin,300,"1,006",150,"399,879",466,0,0,0
7/17/2021,28,DC,959,"927,221","1,006",533,"506,307",568,Admin,959,"1,007",462,"399,729",468,0,0,0
7/17/2021,28,DC,"2,526","888,007","1,363","1,652","490,604",733,Report,"2,526","1,363",859,"380,259",571,0,0,0
7/16/2021,28,DC,"1,114","885,481","1,201",622,"488,952",601,Report,"1,114","1,201",525,"379,400",540,0,0,0
7/16/2021,28,DC,"1,155","926,262","1,035",674,"505,774",573,Admin,"1,155","1,036",505,"399,267",486,0,0,0
7/15/2021,28,DC,"1,233","884,367","1,247",643,"488,330",601,Report,"1,233","1,247",589,"378,875",581,0,0,0
7/15/2021,28,DC,"1,225","925,107","1,057",652,"505,100",573,Admin,"1,225","1,058",590,"398,762",503,0,0,0
7/14/2021,28,DC,"1,007","923,882","1,057",595,"504,448",572,Admin,"1,007","1,058",460,"398,172",502,0,0,0
7/14/2021,28,DC,"1,542","883,134","1,306",628,"487,687",634,Report,"1,542","1,306",446,"378,286",613,0,0,0
7/13/2021,28,DC,"1,270","922,875","1,086",733,"503,853",569,Admin,"1,270","1,086",580,"397,712",531,0,0,0
7/13/2021,28,DC,369,"881,592","1,088",217,"487,059",545,Report,369,"1,088",231,"377,840",565,0,0,0
7/12/2021,28,DC,"1,126","921,605","1,126",629,"503,120",578,Admin,"1,126","1,127",520,"397,132",558,0,0,0
7/12/2021,28,DC,"1,512","881,223","1,091",756,"486,842",550,Report,"1,512","1,091",758,"377,609",555,0,0,0
7/11/2021,28,DC,"1,243","879,711","1,036",610,"486,086",528,Report,"1,243","1,036",590,"376,851",520,0,0,0
7/11/2021,28,DC,306,"920,479","1,067",161,"502,491",546,Admin,306,"1,068",165,"396,612",535,0,0,0
7/10/2021,27,DC,"1,161","920,173","1,035",570,"502,330",532,Admin,"1,161","1,036",583,"396,447",516,0,0,0
7/10/2021,27,DC,"1,394","878,468","1,073",733,"485,476",537,Report,"1,394","1,073",647,"376,261",545,0,0,0
7/9/2021,27,DC,"1,435","877,074","1,404",617,"484,743",577,Report,"1,435","1,404",811,"375,614",769,0,0,0
7/9/2021,27,DC,"1,308","919,012",971,672,"501,760",512,Admin,"1,308",972,624,"395,864",478,0,0,0
7/8/2021,27,DC,"1,225","917,704",970,645,"501,088",509,Admin,"1,225",970,582,"395,240",482,0,0,0
7/8/2021,27,DC,"1,645","875,639","1,514",877,"484,126",649,Report,"1,645","1,514",808,"374,803",793,0,0,0
7/7/2021,27,DC,17,"873,994","1,486",3,"483,249",633,Report,17,"1,486",112,"373,995",780,0,0,0
7/7/2021,27,DC,"1,207","916,479",986,570,"500,443",516,Admin,"1,207",986,669,"394,658",484,0,0,0
7/6/2021,27,DC,388,"873,977","1,682",253,"483,246",724,Report,388,"1,682",160,"373,883",897,0,0,0
7/6/2021,27,DC,"1,553","915,272","1,002",801,"499,873",532,Admin,"1,553","1,003",765,"393,989",484,0,0,0
7/5/2021,27,DC,"1,128","873,589","1,733",601,"482,993",745,Report,"1,128","1,733",515,"373,723",934,0,0,0
7/5/2021,27,DC,714,"913,719",988,405,"499,072",522,Admin,714,989,358,"393,224",482,0,0,0
7/4/2021,27,DC,83,"913,005","1,074",58,"498,667",560,Admin,83,"1,074",36,"392,866",526,0,0,0
7/4/2021,27,DC,"1,507","872,461","1,971",672,"482,392",822,Report,"1,507","1,971",764,"373,208","1,088",0,0,0
7/3/2021,26,DC,"3,709","870,954","2,186","1,015","481,720",868,Report,"3,709","2,186","2,213","372,444","1,290",0,0,0
7/3/2021,26,DC,711,"912,922","1,129",435,"498,609",584,Admin,711,"1,129",312,"392,830",560,0,0,0
7/2/2021,26,DC,"2,201","867,245","2,179","1,123","480,705",891,Report,"2,201","2,179",980,"370,231","1,097",0,0,0
7/2/2021,26,DC,"1,297","912,211","1,183",646,"498,174",600,Admin,"1,297","1,184",656,"392,518",601,0,0,0
7/1/2021,26,DC,"1,451","865,044","2,406",762,"479,582",854,Report,"1,451","2,406",720,"369,251","1,327",0,0,0
7/1/2021,26,DC,"1,337","910,914","1,205",697,"497,528",616,Admin,"1,337","1,206",595,"391,862",614,0,0,0
6/30/2021,26,DC,"1,323","909,577","1,218",683,"496,831",622,Admin,"1,323","1,218",669,"391,267",632,0,0,0
6/30/2021,26,DC,"1,387","863,593","2,445",639,"478,820",876,Report,"1,387","2,445",928,"368,531","1,357",0,0,0
6/29/2021,26,DC,"1,455","908,254","1,226",733,"496,148",618,Admin,"1,455","1,226",754,"390,598",649,0,0,0
6/29/2021,26,DC,750,"862,206","2,403",404,"478,181",861,Report,750,"2,403",420,"367,603","1,310",0,0,0
6/28/2021,26,DC,"2,793","861,456","2,440","1,139","477,777",886,Report,"2,793","2,440","1,592","367,183","1,338",0,0,0
6/28/2021,26,DC,"1,313","906,799","1,226",671,"495,415",614,Admin,"1,313","1,226",664,"389,844",653,0,0,0
6/27/2021,26,DC,467,"905,486","1,202",223,"494,744",618,Admin,467,"1,202",270,"389,180",628,0,0,0
6/27/2021,26,DC,"3,010","858,663","2,228",992,"476,638",822,Report,"3,010","2,228","2,179","365,591","1,193",0,0,0
6/26/2021,25,DC,"3,663","855,653","2,058","1,180","475,646",803,Report,"3,663","2,058",863,"363,412",998,0,0,0
6/26/2021,25,DC,"1,094","905,019","1,205",548,"494,521",619,Admin,"1,094","1,205",604,"388,910",637,0,0,0
6/25/2021,25,DC,"3,788","851,990","2,533",865,"474,466","1,184",Report,"3,788","2,533","2,593","362,549","1,269",0,0,0
6/25/2021,25,DC,"1,451","903,925","1,235",757,"493,973",647,Admin,"1,451","1,235",746,"388,306",651,0,0,0
6/24/2021,25,DC,"1,721","848,202","2,304",915,"473,601","1,185",Report,"1,721","2,304",925,"359,956","1,082",0,0,0
6/24/2021,25,DC,"1,425","902,474","1,250",737,"493,216",638,Admin,"1,425","1,251",719,"387,560",670,0,0,0
6/23/2021,25,DC,"1,094","846,481","2,862",534,"472,686","1,448",Report,"1,094","2,862",599,"359,031","1,329",0,0,0
6/23/2021,25,DC,"1,377","901,049","1,301",660,"492,479",649,Admin,"1,377","1,302",786,"386,841",709,0,0,0
6/22/2021,25,DC,"1,014","845,387","3,049",576,"472,152","1,509",Report,"1,014","3,049",615,"358,432","1,501",0,0,0
6/22/2021,25,DC,"1,455","899,672","1,381",703,"491,819",669,Admin,"1,455","1,381",786,"386,055",755,0,0,0
6/21/2021,25,DC,"1,147","898,217","1,457",698,"491,116",700,Admin,"1,147","1,458",489,"385,269",803,0,0,0
6/21/2021,25,DC,"1,307","844,373","3,212",694,"471,576","1,531",Report,"1,307","3,212",583,"357,817","1,618",0,0,0
6/20/2021,25,DC,489,"897,070","1,592",233,"490,418",725,Admin,489,"1,592",331,"384,780",912,0,0,0
6/20/2021,25,DC,"1,817","843,066","4,068",860,"470,882","1,817",Report,"1,817","4,068",812,"357,234","2,185",0,0,0
6/19/2021,24,DC,"1,302","896,581","1,612",741,"490,185",727,Admin,"1,302","1,612",700,"384,449",931,0,0,0
6/19/2021,24,DC,"6,987","841,249","4,171","3,844","470,022","1,842",Report,"6,987","4,171","2,758","356,422","2,288",0,0,0
6/18/2021,24,DC,"1,561","895,279","1,736",693,"489,444",758,Admin,"1,561","1,736",885,"383,749",998,0,0,0
6/18/2021,24,DC,"2,185","834,262","3,526",870,"466,178","1,449",Report,"2,185","3,526","1,283","353,664","2,101",0,0,0
6/17/2021,24,DC,"1,781","893,718","1,856",813,"488,751",788,Admin,"1,781","1,856",989,"382,864","1,084",0,0,0
6/17/2021,24,DC,"5,629","832,077","3,214","2,756","465,308","1,325",Report,"5,629","3,214","2,656","352,381","1,933",0,0,0
6/16/2021,24,DC,"2,401","826,448","2,756",961,"462,552","1,050",Report,"2,401","2,756","1,804","349,725","1,781",0,0,0
6/16/2021,24,DC,"1,935","891,937","1,922",803,"487,938",806,Admin,"1,935","1,923","1,111","381,875","1,132",0,0,0
6/15/2021,24,DC,"1,989","890,002","2,045",917,"487,135",850,Admin,"1,989","2,046","1,118","380,764","1,214",0,0,0
6/15/2021,24,DC,"2,160","824,047","2,670",729,"461,591","1,012",Report,"2,160","2,670","1,435","347,921","1,674",0,0,0
6/14/2021,24,DC,"2,090","888,013","2,092",872,"486,218",842,Admin,"2,090","2,093","1,252","379,646","1,265",0,0,0
6/14/2021,24,DC,"7,294","821,887","2,627","2,700","460,862","1,015",Report,"7,294","2,627","4,547","346,486","1,629",0,0,0
6/13/2021,24,DC,626,"885,923","2,146",247,"485,346",873,Admin,626,"2,146",463,"378,394","1,289",0,0,0
6/13/2021,24,DC,"2,540","814,593","2,400","1,037","458,162",976,Report,"2,540","2,400","1,537","341,939","1,412",0,0,0
6/12/2021,23,DC,"2,471","812,053","2,038","1,093","457,125",829,Report,"2,471","2,038","1,449","340,402","1,241",0,0,0
6/12/2021,23,DC,"2,171","885,297","2,205",959,"485,099",898,Admin,"2,171","2,206","1,173","377,931","1,324",0,0,0
6/11/2021,23,DC,"2,401","883,126","2,227",903,"484,140",890,Admin,"2,401","2,227","1,483","376,758","1,368",0,0,0
6/11/2021,23,DC,0,"809,582","2,067",-3,"456,032",836,Report,0,"2,067",107,"338,953","1,251",0,0,0
6/10/2021,23,DC,"2,425","809,582","2,407",832,"456,035",987,Report,"2,425","2,407","1,593","338,846","1,427",0,0,0
6/10/2021,23,DC,"2,248","880,725","2,296",943,"483,237",913,Admin,"2,248","2,297","1,328","375,275","1,419",0,0,0
6/9/2021,23,DC,"1,797","807,157","2,249",696,"455,203",941,Report,"1,797","2,249","1,054","337,253","1,322",0,0,0
6/9/2021,23,DC,"2,795","878,477","2,389","1,107","482,294",921,Admin,"2,795","2,390","1,684","373,947","1,503",0,0,0
6/8/2021,23,DC,"2,318","875,682","2,321",865,"481,187",904,Admin,"2,318","2,322","1,476","372,263","1,447",0,0,0
6/8/2021,23,DC,"1,860","805,360","2,096",753,"454,507",891,Report,"1,860","2,096","1,118","336,199","1,227",0,0,0
6/7/2021,23,DC,"2,464","873,364","2,362","1,087","480,322",932,Admin,"2,464","2,362","1,421","370,787","1,458",0,0,0
6/7/2021,23,DC,"5,704","803,500","1,977","2,426","453,754",851,Report,"5,704","1,977","3,032","335,081","1,159",0,0,0
6/6/2021,23,DC,11,"797,796","1,398",7,"451,328",613,Report,11,"1,398",334,"332,049",858,0,0,0
6/6/2021,23,DC,"1,042","870,900","2,052",420,"479,235",794,Admin,"1,042","2,052",709,"369,366","1,284",0,0,0
6/5/2021,22,DC,"2,672","797,785","1,792","1,140","451,321",768,Report,"2,672","1,792","1,523","331,715","1,018",0,0,0
6/5/2021,22,DC,"2,324","869,858","2,000",904,"478,815",788,Admin,"2,324","2,001","1,481","368,657","1,232",0,0,0
6/4/2021,22,DC,"2,886","867,534","1,856","1,068","477,911",754,Admin,"2,886","1,856","1,837","367,176","1,121",0,0,0
6/4/2021,22,DC,"2,379","795,113","1,997","1,058","450,181",836,Report,"2,379","1,997","1,336","330,192","1,166",0,0,0
6/3/2021,22,DC,"2,900","864,648","1,827",998,"476,843",770,Admin,"2,900","1,827","1,913","365,339","1,064",0,0,0
6/3/2021,22,DC,"1,322","792,734","2,648",505,"449,123","1,112",Report,"1,322","2,648",857,"328,856","1,426",0,0,0
6/2/2021,22,DC,721,"791,412","2,937",351,"448,618","1,174",Report,721,"2,937",395,"327,999","1,636",0,0,0
6/2/2021,22,DC,"2,317","861,748","1,854",987,"475,845",816,Admin,"2,317","1,854","1,293","363,426","1,041",0,0,0
6/1/2021,22,DC,"1,028","790,691","3,270",473,"448,267","1,215",Report,"1,028","3,270",641,"327,604","1,936",0,0,0
6/1/2021,22,DC,"2,601","859,431","1,935","1,062","474,858",861,Admin,"2,601","1,935","1,557","362,133","1,072",0,0,0
5/31/2021,22,DC,294,"856,830","1,993",117,"473,796",887,Admin,294,"1,993",202,"360,576","1,076",0,0,0
5/31/2021,22,DC,"1,651","789,663","3,417",759,"447,794","1,269",Report,"1,651","3,417",920,"326,963","2,028",0,0,0
5/30/2021,22,DC,682,"856,536","2,447",380,"473,679","1,064",Admin,682,"2,447",346,"360,374","1,327",0,0,0
5/30/2021,22,DC,"2,773","788,012","3,618","1,089","447,035","1,318",Report,"2,773","3,618","1,458","326,043","2,162",0,0,0
5/29/2021,21,DC,"1,312","855,854","2,606",664,"473,299","1,093",Admin,"1,312","2,606",704,"360,028","1,442",0,0,0
5/29/2021,21,DC,"4,107","785,239","4,402","1,615","445,946","1,621",Report,"4,107","4,402","2,559","324,585","2,573",0,0,0
5/28/2021,21,DC,"2,686","854,542","2,925","1,185","472,635","1,229",Admin,"2,686","2,925","1,433","359,324","1,596",0,0,0
5/28/2021,21,DC,"6,934","781,132","4,682","2,995","444,331","1,671",Report,"6,934","4,682","3,152","322,026","2,746",0,0,0
5/27/2021,21,DC,"3,347","774,198","4,950",934,"441,336","1,638",Report,"3,347","4,950","2,327","318,874","3,067",0,0,0
5/27/2021,21,DC,"3,086","851,856","3,279","1,315","471,450","1,318",Admin,"3,086","3,280","1,752","357,891","1,845",0,0,0
5/26/2021,21,DC,"3,048","770,851","5,377",640,"440,402","1,810",Report,"3,048","5,377","2,497","316,547","3,342",0,0,0
5/26/2021,21,DC,"2,887","848,770","3,610","1,304","470,135","1,373",Admin,"2,887","3,610","1,512","356,139","2,095",0,0,0
5/25/2021,21,DC,"2,059","767,803","5,464",849,"439,762","1,823",Report,"2,059","5,464","1,287","314,050","3,452",0,0,0
5/25/2021,21,DC,"3,004","845,883","4,035","1,247","468,831","1,505",Admin,"3,004","4,035","1,589","354,627","2,370",0,0,0
5/24/2021,21,DC,"3,056","765,744","5,881","1,103","438,913","1,944",Report,"3,056","5,881","1,858","312,763","3,694",0,0,0
5/24/2021,21,DC,"3,474","842,879","4,424","1,353","467,584","1,620",Admin,"3,474","4,424","1,954","353,038","2,631",0,0,0
5/23/2021,21,DC,"8,261","762,688","6,948","3,211","437,810","2,194",Report,"8,261","6,948","4,332","310,905","4,425",0,0,0
5/23/2021,21,DC,"1,794","839,405","4,768",580,"466,231","1,721",Admin,"1,794","4,769","1,153","351,084","2,859",0,0,0
5/22/2021,20,DC,"3,545","837,611","4,902","1,616","465,651","1,766",Admin,"3,545","4,902","1,784","349,931","2,942",0,0,0
5/22/2021,20,DC,"6,069","754,427","8,052","1,966","434,599","2,285",Report,"6,069","8,052","3,771","306,573","5,312",0,0,0
5/21/2021,20,DC,"5,168","834,066","5,235","1,809","464,035","1,813",Admin,"5,168","5,235","3,172","348,147","3,229",0,0,0
5/21/2021,20,DC,"8,812","748,358","8,013","2,766","432,633","2,280",Report,"8,812","8,013","5,401","302,802","5,375",0,0,0
5/20/2021,20,DC,"6,334","739,546","7,650","2,134","429,867","2,225",Report,"6,334","7,650","4,252","297,401","5,181",0,0,0
5/20/2021,20,DC,"5,401","828,898","5,727","1,704","462,226","1,916",Admin,"5,401","5,728","3,502","344,975","3,585",0,0,0
5/19/2021,20,DC,"3,656","733,212","7,347",731,"427,733","2,136",Report,"3,656","7,347","3,267","293,149","4,975",0,0,0
5/19/2021,20,DC,"5,860","823,497","6,048","2,223","460,522","2,023",Admin,"5,860","6,048","3,436","341,473","3,779",0,0,0
5/18/2021,20,DC,"5,729","817,637","6,146","2,055","458,299","1,933",Admin,"5,729","6,147","3,419","338,037","3,981",0,0,0
5/18/2021,20,DC,"4,980","729,556","8,228","1,698","427,002","2,605",Report,"4,980","8,228","2,981","289,882","5,357",0,0,0
5/17/2021,20,DC,"5,883","811,908","6,122","2,060","456,244","1,856",Admin,"5,883","6,122","3,550","334,618","4,081",0,0,0
5/17/2021,20,DC,"10,527","724,576","8,509","2,854","425,304","2,791",Report,"10,527","8,509","6,973","286,901","5,506",0,0,0
5/16/2021,20,DC,"2,730","806,025","6,005",896,"454,184","1,728",Admin,"2,730","6,006","1,731","331,068","4,130",0,0,0
5/16/2021,20,DC,"15,985","714,049","8,356","3,849","422,450","2,820",Report,"15,985","8,356","10,539","279,928","5,471",0,0,0
5/15/2021,19,DC,"5,877","803,295","5,852","1,946","453,288","1,684",Admin,"5,877","5,852","3,797","329,337","4,066",0,0,0
5/15/2021,19,DC,"5,794","698,064","7,205","1,925","418,601","2,713",Report,"5,794","7,205","4,212","269,389","4,654",0,0,0
5/14/2021,19,DC,"8,614","797,418","5,755","2,530","451,342","1,591",Admin,"8,614","5,755","5,660","325,540","4,111",0,0,0
5/14/2021,19,DC,"6,274","692,270","7,774","2,383","416,676","3,099",Report,"6,274","7,774","4,048","265,177","4,800",0,0,0
5/13/2021,19,DC,"7,645","788,804","5,744","2,450","448,812","1,481",Admin,"7,645","5,744","4,861","319,880","4,237",0,0,0
5/13/2021,19,DC,"4,216","685,996","7,812","1,513","414,293","3,230",Report,"4,216","7,812","2,808","261,129","4,791",0,0,0
5/12/2021,19,DC,"9,821","681,780","7,957","4,014","412,780","3,289",Report,"9,821","7,957","5,939","258,321","4,840",0,0,0
5/12/2021,19,DC,"6,548","781,159","5,834","1,595","446,362","1,444",Admin,"6,548","5,835","4,849","315,019","4,409",0,0,0
5/11/2021,19,DC,"5,558","774,611","5,949","1,515","444,767","1,497",Admin,"5,558","5,950","4,121","310,170","4,507",0,0,0
5/11/2021,19,DC,"6,945","671,959","7,259","2,998","408,766","2,984",Report,"6,945","7,259","4,029","252,382","4,499",0,0,0
5/10/2021,19,DC,"9,454","665,014","6,404","3,060","405,768","2,624",Report,"9,454","6,404","6,723","248,353","4,068",0,0,0
5/10/2021,19,DC,"5,069","769,053","6,281","1,165","443,252","1,544",Admin,"5,069","6,282","3,896","306,049","4,779",0,0,0
5/9/2021,19,DC,"1,654","763,984","6,695",586,"442,087","1,616",Admin,"1,654","6,696","1,282","302,153","5,149",0,0,0
5/9/2021,19,DC,"7,932","655,560","5,719","3,101","402,708","2,552",Report,"7,932","5,719","4,825","241,630","3,443",0,0,0
5/8/2021,18,DC,"5,200","762,330","6,744","1,295","441,501","1,656",Admin,"5,200","6,744","4,112","300,871","5,201",0,0,0
5/8/2021,18,DC,"9,774","647,628","5,560","4,622","399,607","2,612",Report,"9,774","5,560","5,233","236,805","3,265",0,0,0
5/7/2021,18,DC,"6,545","637,854","5,152","3,302","394,985","2,515",Report,"6,545","5,152","3,983","231,572","3,070",0,0,0
5/7/2021,18,DC,"8,535","757,130","6,752","1,759","440,206","1,828",Admin,"8,535","6,753","6,544","296,759","5,138",0,0,0
5/6/2021,18,DC,"8,280","748,595","6,836","2,194","438,447","2,090",Admin,"8,280","6,837","6,060","290,215","5,068",0,0,0
5/6/2021,18,DC,"5,227","631,309","5,092","1,926","391,683","2,536",Report,"5,227","5,092","3,152","227,589","3,035",0,0,0
5/5/2021,18,DC,"4,933","626,082","5,376","1,881","389,757","2,813",Report,"4,933","5,376","3,550","224,437","3,107",0,0,0
5/5/2021,18,DC,"7,351","740,315","7,081","1,962","436,253","2,346",Admin,"7,351","7,081","5,540","284,155","5,148",0,0,0
5/4/2021,18,DC,963,"621,149","5,734",474,"387,876","3,193",Report,963,"5,734","1,011","220,887","3,048",0,0,0
5/4/2021,18,DC,"7,883","732,964","7,229","1,844","434,291","2,484",Admin,"7,883","7,229","6,023","278,615","5,180",0,0,0
5/3/2021,18,DC,"4,656","620,186","6,240","2,557","387,402","3,480",Report,"4,656","6,240","2,353","219,876","3,288",0,0,0
5/3/2021,18,DC,"7,967","725,081","7,058","1,671","432,447","2,638",Admin,"7,967","7,059","6,484","272,592","4,911",0,0,0
5/2/2021,18,DC,"6,820","615,530","6,788","3,520","384,845","3,849",Report,"6,820","6,788","3,578","217,523","3,435",0,0,0
5/2/2021,18,DC,"1,995","717,114","7,056",867,"430,776","2,884",Admin,"1,995","7,056","1,647","266,108","4,686",0,0,0
5/1/2021,17,DC,"5,257","715,119","7,480","2,499","429,909","3,171",Admin,"5,257","7,481","3,669","264,461","4,764",0,0,0
5/1/2021,17,DC,"6,921","608,710","7,203","3,944","381,325","3,975",Report,"6,921","7,203","3,867","213,945","3,806",0,0,0
4/30/2021,17,DC,"9,123","709,862","7,861","3,590","427,410","3,409",Admin,"9,123","7,861","6,056","260,792","4,877",0,0,0
4/30/2021,17,DC,"6,124","601,789","7,569","3,452","377,381","4,144",Report,"6,124","7,569","3,738","210,078","3,924",0,0,0
4/29/2021,17,DC,"7,214","595,665","8,061","3,865","373,929","4,414",Report,"7,214","8,061","3,652","206,340","4,036",0,0,0
4/29/2021,17,DC,"9,993","700,739","8,047","3,986","423,820","3,609",Admin,"9,993","8,047","6,617","254,736","4,865",0,0,0
4/28/2021,17,DC,"8,386","690,746","8,139","2,931","419,834","3,767",Admin,"8,386","8,139","5,765","248,119","4,747",0,0,0
4/28/2021,17,DC,"7,438","588,451","8,033","4,536","370,064","4,425",Report,"7,438","8,033","3,140","202,688","4,080",0,0,0
4/27/2021,17,DC,"6,689","682,360","8,255","2,925","416,903","4,056",Admin,"6,689","8,255","4,142","242,354","4,620",0,0,0
4/27/2021,17,DC,"4,506","581,013","7,978","2,488","365,528","4,403",Report,"4,506","7,978","2,689","199,548","4,144",0,0,0
4/26/2021,17,DC,"7,951","675,671","8,585","3,387","413,978","4,336",Admin,"7,951","8,586","4,911","238,212","4,675",0,0,0
4/26/2021,17,DC,"8,496","576,507","7,854","5,136","363,040","4,492",Report,"8,496","7,854","3,382","196,859","3,929",0,0,0
4/25/2021,17,DC,"9,721","568,011","8,045","4,401","357,904","4,694",Report,"9,721","8,045","6,177","193,477","3,951",0,0,0
4/25/2021,17,DC,"4,966","667,720","8,618","2,881","410,591","4,535",Admin,"4,966","8,618","2,191","233,301","4,498",0,0,0
4/24/2021,16,DC,"9,482","558,290","8,202","5,127","353,503","5,068",Report,"9,482","8,202","4,691","187,300","3,728",0,0,0
4/24/2021,16,DC,"7,920","662,754","8,374","4,161","407,710","4,385",Admin,"7,920","8,374","4,462","231,110","4,414",0,0,0
4/23/2021,16,DC,"10,425","654,834","8,432","4,991","403,549","4,552",Admin,"10,425","8,433","5,967","226,648","4,251",0,0,0
4/23/2021,16,DC,"9,568","548,808","8,243","5,346","348,376","5,266",Report,"9,568","8,243","4,521","182,609","3,608",0,0,0
4/22/2021,16,DC,"7,021","539,240","8,190","3,939","343,030","5,266",Report,"7,021","8,190","3,964","178,088","3,571",0,0,0
4/22/2021,16,DC,"10,636","644,409","8,708","5,090","398,558","5,033",Admin,"10,636","8,708","5,797","220,681","4,009",0,0,0
4/21/2021,16,DC,"9,198","633,773","8,859","4,956","393,468","5,337",Admin,"9,198","8,859","4,873","214,884","3,835",0,0,0
4/21/2021,16,DC,"7,054","532,219","8,615","4,383","339,091","5,572",Report,"7,054","8,615","3,586","174,124","3,760",0,0,0
4/20/2021,16,DC,"9,004","624,575","9,194","4,887","388,512","5,733",Admin,"9,004","9,194","4,525","210,011","3,726",0,0,0
4/20/2021,16,DC,"3,638","525,165","8,369","3,109","334,708","5,310",Report,"3,638","8,369","1,182","170,538","3,764",0,0,0
4/19/2021,16,DC,"8,180","615,571","9,468","4,776","383,625","6,037",Admin,"8,180","9,468","3,671","205,486","3,653",0,0,0
4/19/2021,16,DC,"9,834","521,527","8,425","6,556","331,599","5,183",Report,"9,834","8,425","3,536","169,356","4,269",0,0,0
4/18/2021,16,DC,"3,258","607,391","9,872","1,837","378,849","6,338",Admin,"3,258","9,872","1,609","201,815","3,881",0,0,0
4/18/2021,16,DC,"10,814","511,693","8,237","7,018","325,043","5,057",Report,"10,814","8,237","4,618","165,820","4,344",0,0,0
4/17/2021,15,DC,"8,328","604,133","9,913","5,324","377,012","6,401",Admin,"8,328","9,914","3,317","200,206","4,075",0,0,0
4/17/2021,15,DC,"9,770","500,879","7,941","6,509","318,025","4,837",Report,"9,770","7,941","3,849","161,202","4,361",0,0,0
4/16/2021,15,DC,"9,196","491,109","8,029","5,350","311,516","4,935",Report,"9,196","8,029","4,262","157,353","4,524",0,0,0
4/16/2021,15,DC,"12,354","595,805","9,870","8,360","371,688","6,330",Admin,"12,354","9,871","4,273","196,889","4,254",0,0,0
4/15/2021,15,DC,"10,002","481,913","7,872","6,080","306,166","4,922",Report,"10,002","7,872","5,292","153,091","4,488",0,0,0
4/15/2021,15,DC,"11,692","583,451","9,816","7,221","363,328","6,328",Admin,"11,692","9,816","4,581","192,616","4,431",0,0,0
4/14/2021,15,DC,"5,331","471,911","8,398","2,548","300,086","5,520",Report,"5,331","8,398","3,609","147,799","4,801",0,0,0
4/14/2021,15,DC,"11,544","571,759","9,798","7,725","356,107","6,339",Admin,"11,544","9,798","4,107","188,035","4,631",0,0,0
4/13/2021,15,DC,"10,921","560,215","9,733","7,017","348,382","6,240",Admin,"10,921","9,734","4,018","183,928","4,871",0,0,0
4/13/2021,15,DC,"4,027","466,580","7,742","2,221","297,538","5,224",Report,"4,027","7,742","4,718","144,190","4,417",0,0,0
4/12/2021,15,DC,"11,007","549,294","9,536","6,879","341,365","6,122",Admin,"11,007","9,536","5,264","179,910","4,946",0,0,0
4/12/2021,15,DC,"8,519","462,553","7,886","5,674","295,317","5,133",Report,"8,519","7,886","4,060","139,472","3,944",0,0,0
4/11/2021,15,DC,"8,745","454,034","7,211","5,480","289,643","4,614",Report,"8,745","7,211","4,742","135,412","3,645",0,0,0
4/11/2021,15,DC,"3,551","538,287","9,236","2,284","334,486","5,954",Admin,"3,551","9,236","2,971","174,646","4,763",0,0,0
4/10/2021,14,DC,"8,026","534,736","8,981","4,825","332,202","5,823",Admin,"8,026","8,981","4,564","171,675","4,427",0,0,0
4/10/2021,14,DC,"10,382","445,289","6,915","7,194","284,163","4,434",Report,"10,382","6,915","4,990","130,670","3,364",0,0,0
4/9/2021,14,DC,"11,973","526,710","8,784","8,347","327,377","5,695",Admin,"11,973","8,785","5,517","167,111","4,329",0,0,0
4/9/2021,14,DC,"8,099","434,907","6,613","5,258","276,969","4,177",Report,"8,099","6,613","4,005","125,680","3,114",0,0,0
4/8/2021,14,DC,"13,683","426,808","6,495","10,268","271,711","4,022",Report,"13,683","6,495","7,483","121,675","3,018",0,0,0
4/8/2021,14,DC,"11,567","514,737","8,420","7,293","319,030","5,364",Admin,"11,567","8,421","5,978","161,594","4,098",0,0,0
4/7/2021,14,DC,"11,091","503,170","8,477","7,038","311,737","5,366",Admin,"11,091","8,477","5,787","155,616","4,004",0,0,0
4/7/2021,14,DC,737,"413,125","5,547",472,"261,443","3,108",Report,737,"5,547",924,"114,192","2,389",0,0,0
4/6/2021,14,DC,"9,539","492,079","8,316","6,188","304,699","5,236",Admin,"9,539","8,316","4,545","149,829","3,702",0,0,0
4/6/2021,14,DC,"5,036","412,388","7,618","1,586","260,971","4,141",Report,"5,036","7,618","1,410","113,268","2,845",0,0,0
4/5/2021,14,DC,"8,905","482,540","8,225","5,702","298,511","5,083",Admin,"8,905","8,225","3,985","145,284","3,604",0,0,0
4/5/2021,14,DC,"3,792","407,352","7,662","2,037","259,385","4,433",Report,"3,792","7,662","1,961","111,858","2,934",0,0,0
4/4/2021,14,DC,"6,675","403,560","8,372","4,224","257,348","4,933",Report,"6,675","8,372","2,775","109,897","3,108",0,0,0
4/4/2021,14,DC,"1,766","473,635","8,066","1,370","292,809","4,894",Admin,"1,766","8,067",613,"141,299","3,514",0,0,0
4/3/2021,13,DC,"6,653","471,869","8,347","3,924","291,439","5,105",Admin,"6,653","8,348","3,881","140,686","3,620",0,0,0
4/3/2021,13,DC,"8,268","396,885","8,872","5,396","253,124","5,263",Report,"8,268","8,872","3,240","107,122","3,225",0,0,0
4/2/2021,13,DC,"7,272","388,617","8,801","4,174","247,728","5,217",Report,"7,272","8,801","3,334","103,882","3,112",0,0,0
4/2/2021,13,DC,"9,424","465,216","8,450","6,036","287,515","5,147",Admin,"9,424","8,451","3,900","136,805","3,493",0,0,0
4/1/2021,13,DC,"7,048","381,345","8,739","3,865","243,554","5,135",Report,"7,048","8,739","3,079","100,548","2,973",0,0,0
4/1/2021,13,DC,"11,964","455,792","8,487","7,304","281,479","5,156",Admin,"11,964","8,487","5,320","132,905","3,460",0,0,0
3/31/2021,13,DC,"15,232","374,297","8,708","7,705","239,689","5,241",Report,"15,232","8,708","4,119","97,469","3,037",0,0,0
3/31/2021,13,DC,"9,963","443,828","8,054","6,129","274,175","4,831",Admin,"9,963","8,054","3,675","127,585","3,194",0,0,0
3/30/2021,13,DC,"5,347","359,065","7,100","3,631","231,984","4,509",Report,"5,347","7,100","2,033","93,350","2,631",0,0,0
3/30/2021,13,DC,"8,903","433,865","7,689","5,119","268,046","4,530",Admin,"8,903","7,689","3,858","123,910","3,089",0,0,0
3/29/2021,13,DC,"7,794","424,962","7,377","4,374","262,927","4,359",Admin,"7,794","7,378","3,351","120,052","2,920",0,0,0
3/29/2021,13,DC,"8,764","353,718","6,675","5,533","228,353","4,255",Report,"8,764","6,675","3,180","91,317","2,408",0,0,0
3/28/2021,13,DC,"3,732","417,168","7,087","2,851","258,553","4,272",Admin,"3,732","7,087","1,356","116,701","2,711",0,0,0
3/28/2021,13,DC,"10,171","344,954","6,037","6,536","222,820","3,908",Report,"10,171","6,037","3,592","88,137","2,078",0,0,0
3/27/2021,12,DC,"7,776","334,783","5,448","5,074","216,284","3,608",Report,"7,776","5,448","2,451","84,545","1,748",0,0,0
3/27/2021,12,DC,"7,376","413,436","7,104","4,214","255,702","4,299",Admin,"7,376","7,105","2,996","115,345","2,772",0,0,0
3/26/2021,12,DC,"9,677","406,060","6,963","6,098","251,488","4,377",Admin,"9,677","6,964","3,666","112,349","2,598",0,0,0
3/26/2021,12,DC,"6,834","327,007","5,141","3,598","211,210","3,433",Report,"6,834","5,141","2,361","82,094","1,559",0,0,0
3/25/2021,12,DC,"8,935","396,383","6,501","5,033","245,390","4,131",Admin,"8,935","6,501","3,459","108,683","2,374",0,0,0
3/25/2021,12,DC,"6,832","320,173","4,947","4,609","207,612","3,401",Report,"6,832","4,947","3,526","79,733","1,416",0,0,0
3/24/2021,12,DC,"7,407","387,448","6,200","4,023","240,357","4,103",Admin,"7,407","6,200","2,942","105,224","2,079",0,0,0
3/24/2021,12,DC,"3,979","313,341","4,543","2,585","203,003","3,106",Report,"3,979","4,543","1,280","76,207","1,058",0,0,0
3/23/2021,12,DC,"6,724","380,041","6,107","3,922","236,334","4,092",Admin,"6,724","6,108","2,670","102,282","1,954",0,0,0
3/23/2021,12,DC,"2,366","309,362","4,991","1,850","200,418","3,446",Report,"2,366","4,991",466,"74,927","1,106",0,0,0
3/22/2021,12,DC,"5,758","373,317","6,051","3,762","232,412","4,047",Admin,"5,758","6,051","1,894","99,612","1,836",0,0,0
3/22/2021,12,DC,"4,304","306,996","5,115","3,106","198,568","3,483",Report,"4,304","5,115",876,"74,461","1,283",0,0,0
3/21/2021,12,DC,"3,856","367,559","5,996","3,043","228,650","4,013",Admin,"3,856","5,997","1,781","97,718","1,757",0,0,0
3/21/2021,12,DC,"6,045","302,692","5,456","4,434","195,462","3,817",Report,"6,045","5,456","1,281","73,585","1,664",0,0,0
3/20/2021,11,DC,"6,389","363,703","5,907","4,760","225,607","3,889",Admin,"6,389","5,907","1,774","95,937","1,804",0,0,0
3/20/2021,11,DC,"5,625","296,647","5,813","3,851","191,028","4,026",Report,"5,625","5,813","1,123","72,304","1,783",0,0,0
3/19/2021,11,DC,"5,476","291,022","5,847","3,371","187,177","3,980",Report,"5,476","5,847","1,362","71,181","1,878",0,0,0
3/19/2021,11,DC,"6,440","357,314","5,893","4,373","220,847","3,848",Admin,"6,440","5,893","2,101","94,163","1,922",0,0,0
3/18/2021,11,DC,"4,008","285,546","5,927","2,543","183,806","4,035",Report,"4,008","5,927","1,023","69,819","1,908",0,0,0
3/18/2021,11,DC,"6,826","350,874","5,885","4,838","216,474","3,775",Admin,"6,826","5,885","1,391","92,062","1,876",0,0,0
3/17/2021,11,DC,"6,762","344,048","5,893","3,949","211,636","3,772",Admin,"6,762","5,894","2,071","90,671","1,930",0,0,0
3/17/2021,11,DC,"7,114","281,538","6,193","4,970","181,263","4,217",Report,"7,114","6,193","1,615","68,796","2,008",0,0,0
3/16/2021,11,DC,"6,326","337,286","5,916","3,607","207,687","3,794",Admin,"6,326","5,917","1,841","88,600","1,939",0,0,0
3/16/2021,11,DC,"3,233","274,424","5,965","2,106","176,293","3,922",Report,"3,233","5,965","1,702","67,181","2,052",0,0,0
3/15/2021,11,DC,"5,379","330,960","5,959","3,520","204,080","3,843",Admin,"5,379","5,959","1,341","86,759","1,994",0,0,0
3/15/2021,11,DC,"6,692","271,191","5,869","5,444","174,187","3,850",Report,"6,692","5,869","3,545","65,479","1,965",0,0,0
3/14/2021,11,DC,"3,227","325,581","6,037","2,173","200,560","3,855",Admin,"3,227","6,037","2,113","85,418","2,028",0,0,0
3/14/2021,11,DC,"8,544","264,499","5,518","5,894","168,743","3,454",Report,"8,544","5,518","2,113","61,934","1,642",0,0,0
3/13/2021,10,DC,"5,865","255,955","5,046","3,532","162,849","3,125",Report,"5,865","5,046","1,792","59,821","1,520",0,0,0
3/13/2021,10,DC,"6,294","322,354","5,778","4,477","198,387","3,679",Admin,"6,294","5,779","2,601","83,305","1,801",0,0,0
3/12/2021,10,DC,"6,030","250,090","5,479","3,754","159,317","3,058",Report,"6,030","5,479","1,570","58,029","1,808",0,0,0
3/12/2021,10,DC,"6,382","316,060","5,961","3,863","193,910","3,825",Admin,"6,382","5,961","1,778","80,704","2,010",0,0,0
3/11/2021,10,DC,"5,871","244,060","5,234","3,821","155,563","2,896",Report,"5,871","5,234","1,721","56,459","8,065",0,0,0
3/11/2021,10,DC,"6,885","309,678","5,912","4,818","190,047","3,829",Admin,"6,885","5,913","1,765","78,926","1,964",0,0,0
3/10/2021,10,DC,"6,924","302,793","5,877","4,101","185,229","3,723",Admin,"6,924","5,878","2,135","77,161","2,012",0,0,0
3/10/2021,10,DC,"5,523","238,189","5,157","2,904","151,742","2,897",Report,"5,523","5,157","1,925","54,738","7,819",0,0,0
3/9/2021,10,DC,"6,625","295,869","5,776","3,949","181,128","3,696",Admin,"6,625","5,777","2,231","75,026","1,984",0,0,0
3/9/2021,10,DC,"2,556","232,666","4,779","1,601","148,838","2,729",Report,"2,556","4,779","1,090","52,813","7,544",0,0,0
3/8/2021,10,DC,"5,922","289,244","5,658","3,603","177,179","3,612",Admin,"5,922","5,658","1,575","72,795","1,943",0,0,0
3/8/2021,10,DC,"4,235","230,110","4,580","2,674","147,237","2,583",Report,"4,235","4,580","1,283","51,723","7,389",0,0,0
3/7/2021,10,DC,"5,241","225,875","4,447","3,587","144,563","2,402",Report,"5,241","4,447","1,263","50,440","7,205",0,0,0
3/7/2021,10,DC,"1,420","283,322","5,644",943,"173,576","3,528",Admin,"1,420","5,644",528,"71,220","2,025",0,0,0
3/6/2021,9,DC,"8,898","220,634","5,127","3,062","140,976","2,920",Report,"8,898","5,127","3,809","49,177","7,025",0,0,0
3/6/2021,9,DC,"7,572","281,902","5,649","5,496","172,633","3,521",Admin,"7,572","5,649","4,059","70,692","2,027",0,0,0
3/5/2021,9,DC,"6,041","274,330","5,218","3,893","167,137","3,008",Admin,"6,041","5,219","1,457","66,633","1,706",0,0,0
3/5/2021,9,DC,"4,315","211,736","5,099","2,622","137,914","3,126",Report,"4,315","5,099","45,368","45,368","6,481",0,0,0
3/4/2021,9,DC,"5,331","207,421","4,913","3,826","135,292","2,987",Report,"5,331","4,913",0,0,0,0,0,0
3/4/2021,9,DC,"6,641","268,289","5,082","4,078","163,244","2,874",Admin,"6,641","5,082","2,101","65,176","1,740",0,0,0
3/3/2021,9,DC,"2,878","202,090","4,535","1,732","131,466","2,611",Report,"2,878","4,535",0,0,0,0,0,0
3/3/2021,9,DC,"6,217","261,648","4,899","3,908","159,166","2,707",Admin,"6,217","4,900","1,938","63,075","1,710",0,0,0
3/2/2021,9,DC,"1,165","199,212","4,641",577,"129,734","2,687",Report,"1,165","4,641",0,0,0,0,0,0
3/2/2021,9,DC,"5,794","255,431","4,761","3,366","155,258","2,556",Admin,"5,794","4,762","1,946","61,137","1,691",0,0,0
3/1/2021,9,DC,"3,301","198,047","4,834","1,405","129,157","2,789",Report,"3,301","4,834",0,0,0,0,0,0
3/1/2021,9,DC,"5,824","249,637","4,693","3,010","151,892","2,478",Admin,"5,824","4,693","2,151","59,191","1,661",0,0,0
2/28/2021,9,DC,"9,998","194,746","4,582","7,213","127,752","2,672",Report,"9,998","4,582",0,0,0,0,0,0
2/28/2021,9,DC,"1,456","243,813","4,367",893,"148,882","2,298",Admin,"1,456","4,367",537,"57,040","1,528",0,0,0
2/27/2021,8,DC,"8,704","184,748","3,587","4,504","120,539","1,827",Report,"8,704","3,587",0,0,0,0,0,0
2/27/2021,8,DC,"4,557","242,357","4,466","1,909","147,989","2,352",Admin,"4,557","4,467","1,815","56,503","1,556",0,0,0
2/26/2021,8,DC,"3,014","176,044","2,705","1,652","116,035","1,335",Report,"3,014","2,705",0,0,0,0,0,0
2/26/2021,8,DC,"5,086","237,800","4,595","2,956","146,080","2,334",Admin,"5,086","4,595","1,696","54,688","1,605",0,0,0
2/25/2021,8,DC,"5,365","232,714","4,649","2,904","143,124","2,307",Admin,"5,365","4,649","1,892","52,992","1,610",0,0,0
2/25/2021,8,DC,"2,687","173,030","6,085","1,195","114,383","3,637",Report,"2,687","6,085",0,0,0,0,0,0
2/24/2021,8,DC,"5,251","227,349","4,270","2,851","140,220","2,055",Admin,"5,251","4,271","1,805","51,100","1,503",0,0,0
2/24/2021,8,DC,"3,619","170,343","5,983","2,265","113,188","3,557",Report,"3,619","5,983",0,0,0,0,0,0
2/23/2021,8,DC,"2,517","166,724","5,746","1,287","110,923","3,383",Report,"2,517","5,746",0,0,0,0,0,0
2/23/2021,8,DC,"5,314","222,098","4,459","2,826","137,369","2,102",Admin,"5,314","4,459","1,737","49,295","1,556",0,0,0
2/22/2021,8,DC,"1,533","164,207","5,564",591,"109,636","3,278",Report,"1,533","5,564",0,0,0,0,0,0
2/22/2021,8,DC,"3,540","216,784","4,613","1,749","134,543","2,078",Admin,"3,540","4,614","1,218","47,558","1,656",0,0,0
2/21/2021,8,DC,"2,155","213,244","4,748","1,266","132,794","2,065",Admin,"2,155","4,748",730,"46,340","1,754",0,0,0
2/21/2021,8,DC,"3,034","162,674","5,909","1,294","109,045","3,472",Report,"3,034","5,909",0,0,0,0,0,0
2/20/2021,7,DC,"2,529","159,640","6,197","1,059","107,751","3,722",Report,"2,529","6,197",0,0,0,0,0,0
2/20/2021,7,DC,"5,455","211,089","4,729","1,783","131,528","1,956",Admin,"5,455","4,729","2,159","45,610","1,863",0,0,0
2/19/2021,7,DC,"26,674","157,111","6,143","17,768","106,692","3,703",Report,"26,674","6,143",0,0,0,0,0,0
2/19/2021,7,DC,"5,465","205,634","4,477","2,768","129,745","1,973",Admin,"5,465","4,478","1,733","43,451","1,714",0,0,0
2/18/2021,7,DC,"1,977","130,437","2,674",637,"88,924","1,307",Report,"1,977","2,674",0,0,0,0,0,0
2/18/2021,7,DC,"2,716","200,169","4,683","1,142","126,977","1,956",Admin,"2,716","4,684","1,142","41,718","1,969",0,0,0
2/17/2021,7,DC,"1,960","128,460","2,855","1,044","88,287","1,848",Report,"1,960","2,855",0,0,0,0,0,0
2/17/2021,7,DC,"6,569","197,453","5,022","3,181","125,835","2,143",Admin,"6,569","5,022","2,178","40,576","2,104",0,0,0
2/16/2021,7,DC,"6,395","190,884","4,928","2,657","122,654","2,051",Admin,"6,395","4,929","2,437","38,398","2,180",0,0,0
2/16/2021,7,DC,"1,242","126,500","2,575",552,"87,243","1,699",Report,"1,242","2,575",0,0,0,0,0,0
2/15/2021,7,DC,"4,484","184,489","4,717","1,661","119,997","2,054",Admin,"4,484","4,718","1,901","35,961","2,067",0,0,0
2/15/2021,7,DC,"3,945","125,258","2,398","1,951","86,691","1,620",Report,"3,945","2,398",0,0,0,0,0,0
2/14/2021,7,DC,"5,052","121,313","2,213","3,041","84,740","1,605",Report,"5,052","2,213",0,0,0,0,0,0
2/14/2021,7,DC,"2,021","180,005","4,709",502,"118,336","2,183",Admin,"2,021","4,709","1,494","34,060","1,982",0,0,0
2/13/2021,6,DC,"3,695","177,984","4,715","1,898","117,834","2,178",Admin,"3,695","4,715","1,117","32,566","1,864",0,0,0
2/13/2021,6,DC,"2,151","116,261","2,033",927,"81,699","1,413",Report,"2,151","2,033",0,0,0,0,0,0
2/12/2021,6,DC,"6,905","174,289","4,743","2,654","115,936","2,287",Admin,"6,905","4,743","3,520","31,449","1,822",0,0,0
2/12/2021,6,DC,"2,390","114,110","2,178",996,"80,772","1,539",Report,"2,390","2,178",0,0,0,0,0,0
2/11/2021,6,DC,"3,245","111,720","2,518","4,425","79,776","1,876",Report,"3,245","2,518",0,0,0,0,0,0
2/11/2021,6,DC,"5,086","167,384","4,637","2,446","113,282","2,254",Admin,"5,086","4,638","2,085","27,929","1,618",0,0,0
2/10/2021,6,DC,0,"108,475","3,344",0,"75,351","1,449",Report,0,"3,344",0,0,0,0,0,0
2/10/2021,6,DC,"5,915","162,298","4,717","2,537","110,836","2,336",Admin,"5,915","4,718","2,710","25,844","1,561",0,0,0
2/9/2021,6,DC,"4,919","156,383","4,670","2,678","108,299","2,327",Admin,"4,919","4,670","1,644","23,134","1,403",0,0,0
2/9/2021,6,DC,0,"108,475","3,560",0,"75,351","1,587",Report,0,"3,560",0,0,0,0,0,0
2/8/2021,6,DC,"4,423","151,464","4,558","2,569","105,621","2,269",Admin,"4,423","4,558","1,305","21,490","1,324",0,0,0
2/8/2021,6,DC,"2,656","108,475","3,708","1,846","75,351","1,735",Report,"2,656","3,708",0,0,0,0,0,0
2/7/2021,6,DC,"2,062","147,041","4,301",462,"103,052","2,099",Admin,"2,062","4,302",671,"20,185","1,240",0,0,0
2/7/2021,6,DC,"3,788","105,819","3,613","1,695","73,505","1,681",Report,"3,788","3,613",0,0,0,0,0,0
2/6/2021,5,DC,"3,894","144,979","4,261","2,665","102,590","2,103",Admin,"3,894","4,262",819,"19,514","1,244",0,0,0
2/6/2021,5,DC,"3,169","102,031","3,623","1,811","71,810","1,749",Report,"3,169","3,623",0,0,0,0,0,0
2/5/2021,5,DC,"6,166","141,085","4,356","2,423","99,925","2,287",Admin,"6,166","4,357","2,093","18,695","1,162",0,0,0
2/5/2021,5,DC,"4,767","98,862","3,648","3,354","69,999","1,835",Report,"4,767","3,648",0,0,0,0,0,0
2/4/2021,5,DC,"5,645","134,919","4,149","3,016","97,502","2,398",Admin,"5,645","4,150","1,686","16,602",967,0,0,0
2/4/2021,5,DC,"9,030","94,095","3,322","1,438","66,645","1,578",Report,"9,030","3,322",0,0,0,0,0,0
2/3/2021,5,DC,"5,582","129,274","3,999","2,476","94,486","2,463",Admin,"5,582","4,000","1,603","14,916",795,0,0,0
2/3/2021,5,DC,"1,512","85,065","2,426",966,"65,207","1,660",Report,"1,512","2,426",0,0,0,0,0,0
2/2/2021,5,DC,"1,034","83,553","2,686","1,033","64,241","1,835",Report,"1,034","2,686",0,0,0,0,0,0
2/2/2021,5,DC,"4,134","123,692","3,946","2,270","92,010","2,546",Admin,"4,134","3,947","1,093","13,313",699,0,0,0
2/1/2021,5,DC,"2,629","119,558","4,062","1,378","89,740","2,739",Admin,"2,629","4,062",719,"12,220",616,0,0,0
2/1/2021,5,DC,"1,993","82,519","2,618","1,471","63,208","1,758",Report,"1,993","2,618",0,0,0,0,0,0
1/31/2021,5,DC,"1,782","116,929","4,246",496,"88,362","2,860",Admin,"1,782","4,246",695,"11,501",602,0,0,0
1/31/2021,5,DC,"3,854","80,526","2,591","2,167","61,737","1,778",Report,"3,854","2,591",0,0,0,0,0,0
1/30/2021,4,DC,"3,344","76,672","2,411","2,418","59,570","1,783",Report,"3,344","2,411",0,0,0,0,0,0
1/30/2021,4,DC,"4,559","115,147","4,090","3,948","87,866","2,874",Admin,"4,559","4,091",247,"10,806",512,0,0,0
1/29/2021,4,DC,"2,489","73,328","2,352","1,553","57,152","1,768",Report,"2,489","2,352",0,0,0,0,0,0
1/29/2021,4,DC,"4,718","110,588","3,851","3,201","83,918","2,673",Admin,"4,718","3,851",727,"10,559",497,0,0,0
1/28/2021,4,DC,"2,753","70,839","2,247","2,009","55,599","1,746",Report,"2,753","2,247",0,0,0,0,0,0
1/28/2021,4,DC,"4,593","105,870","3,719","3,470","80,717","2,643",Admin,"4,593","3,719",485,"9,832",425,0,0,0
1/27/2021,4,DC,"3,338","68,086","2,336","2,191","53,590","1,779",Report,"3,338","2,336",0,0,0,0,0,0
1/27/2021,4,DC,"5,211","101,277","3,765","3,060","77,247","2,659",Admin,"5,211","3,766",932,"9,347",406,0,0,0
1/26/2021,4,DC,"4,943","96,066","3,259","3,620","74,187","2,398",Admin,"4,943","3,260",509,"8,415",303,0,0,0
1/26/2021,4,DC,554,"64,748","1,859",497,"51,399","1,468",Report,554,"1,859",0,0,0,0,0,0
1/25/2021,4,DC,"1,803","64,194","2,029","1,610","50,902","1,595",Report,"1,803","2,029",0,0,0,0,0,0
1/25/2021,4,DC,"3,918","91,123","3,129","2,224","70,567","2,260",Admin,"3,918","3,130",625,"7,906",303,0,0,0
1/24/2021,4,DC,"2,598","62,391","1,839","2,204","49,292","1,432",Report,"2,598","1,839",0,0,0,0,0,0
1/24/2021,4,DC,692,"87,205","2,739",598,"68,343","2,061",Admin,692,"2,739",64,"7,281",237,0,0,0
1/23/2021,3,DC,"2,929","59,793","2,347","2,315","47,088","1,859",Report,"2,929","2,347",0,0,0,0,0,0
1/23/2021,3,DC,"2,884","86,513","2,704","2,537","67,745","2,038",Admin,"2,884","2,704",139,"7,217",230,0,0,0
1/22/2021,3,DC,"1,756","56,864","2,419","1,396","44,773","1,879",Report,"1,756","2,419",0,0,0,0,0,0
1/22/2021,3,DC,"3,794","83,629","2,636","2,992","65,208","1,991",Admin,"3,794","2,636",224,"7,078",221,0,0,0
1/21/2021,3,DC,"3,375","55,108","2,633","2,242","43,377","1,962",Report,"3,375","2,633",0,0,0,0,0,0
1/21/2021,3,DC,"4,918","79,835","2,784","3,584","62,216","2,064",Admin,"4,918","2,785",350,"6,854",234,0,0,0
1/20/2021,3,DC,0,"51,733","2,151",12,"41,135","1,641",Report,0,"2,151",0,0,0,0,0,0
1/20/2021,3,DC,"1,670","74,917","2,739","1,233","58,632","2,044",Admin,"1,670","2,739",212,"6,504",253,0,0,0
1/19/2021,3,DC,"1,745","51,733","2,669","1,389","41,123","1,960",Report,"1,745","2,669",0,0,0,0,0,0
1/19/2021,3,DC,"4,032","73,247","3,107","2,649","57,399","2,270",Admin,"4,032","3,108",509,"6,292",304,0,0,0
1/18/2021,3,DC,"1,183","69,215","3,227",837,"54,750","2,344",Admin,"1,183","3,227",163,"5,783",325,0,0,0
1/18/2021,3,DC,470,"49,988","2,966",469,"39,734","2,099",Report,470,"2,966",0,0,0,0,0,0
1/17/2021,3,DC,448,"68,032","3,589",432,"53,913","2,494",Admin,448,"3,590",18,"5,620",398,0,0,0
1/17/2021,3,DC,"6,156","49,518","2,899","5,190","39,265","2,032",Report,"6,156","2,899",0,0,0,0,0,0
1/16/2021,2,DC,"3,428","43,362","2,723","2,457","34,075","1,775",Report,"3,428","2,723",0,0,0,0,0,0
1/16/2021,2,DC,"2,410","67,584","3,757","2,211","53,481","2,639",Admin,"2,410","3,757",74,"5,602",406,0,0,0
1/15/2021,2,DC,"3,255","39,934","2,608","1,973","31,618","1,652",Report,"3,255","2,608",0,0,0,0,0,0
1/15/2021,2,DC,"4,833","65,174","3,759","3,505","51,270","2,607",Admin,"4,833","3,760",316,"5,528",424,0,0,0
1/14/2021,2,DC,"4,598","60,341","3,547","3,442","47,765","2,359",Admin,"4,598","3,548",481,"5,212",474,0,0,0
1/14/2021,2,DC,0,"36,679","2,143",0,"29,645","1,370",Report,0,"2,143",0,0,0,0,0,0
1/13/2021,2,DC,"3,630","36,679","2,473","2,239","29,645","1,599",Report,"3,630","2,473",0,0,0,0,0,0
1/13/2021,2,DC,"4,249","55,743","3,422","2,816","44,323","2,181",Admin,"4,249","3,422",567,"4,731",505,0,0,0
1/12/2021,2,DC,"3,821","33,049","2,457","2,364","27,406","1,658",Report,"3,821","2,457",0,0,0,0,0,0
1/12/2021,2,DC,"4,868","51,494","3,325","3,164","41,507","2,122",Admin,"4,868","3,326",656,"4,164",496,0,0,0
1/11/2021,2,DC,0,"29,228","1,949",0,"25,042","1,359",Report,0,"1,949",0,0,0,0,0,0
1/11/2021,2,DC,"3,723","46,626","3,088","1,886","38,343","2,014",Admin,"3,723","3,088",675,"3,508",443,0,0,0
1/10/2021,2,DC,"4,930","29,228","2,022","3,391","25,042","1,431",Report,"4,930","2,022",0,0,0,0,0,0
1/10/2021,2,DC,"1,621","42,903","2,994","1,451","36,457","2,134",Admin,"1,621","2,995",73,"2,833",372,0,0,0
1/9/2021,1,DC,"2,617","24,298","1,318","1,597","21,651",947,Report,"2,617","1,318",0,0,0,0,0,0
1/9/2021,1,DC,"2,425","41,282","2,884","1,982","35,006","2,040",Admin,"2,425","2,885",203,"2,760",365,0,0,0
1/8/2021,1,DC,0,"21,681","1,216",0,"20,054",990,Report,0,"1,216",0,0,0,0,0,0
1/8/2021,1,DC,"3,351","38,857","2,713","1,770","33,024","1,928",Admin,"3,351","2,714",667,"2,557",338,0,0,0
1/7/2021,1,DC,"2,315","21,681","1,216","1,599","20,054",990,Report,"2,315","1,216",0,0,0,0,0,0
1/7/2021,1,DC,"3,719","35,506","2,273","2,197","31,254","1,711",Admin,"3,719","2,273",696,"1,890",244,0,0,0
1/6/2021,1,DC,"3,572","31,787","1,890","2,404","29,057","1,542",Admin,"3,572","1,890",506,"1,194",147,0,0,0
1/6/2021,1,DC,"3,513","19,366","1,142","2,658","18,455","1,018",Report,"3,513","1,142",0,0,0,0,0,0
1/5/2021,1,DC,"3,208","28,215","1,546","2,410","26,653","1,363",Admin,"3,208","1,546",286,688,75,0,0,0
1/5/2021,1,DC,270,"15,853",640,270,"15,797",639,Report,270,640,0,0,0,0,0,0
1/4/2021,1,DC,511,"15,583",800,503,"15,527",798,Report,511,800,0,0,0,0,0,0
1/4/2021,1,DC,"3,066","25,007","1,371","2,726","24,243","1,300",Admin,"3,066","1,372",174,402,35,0,0,0
1/3/2021,1,DC,0,"15,072",793,0,"15,024",792,Report,0,793,0,0,0,0,0,0
1/3/2021,1,DC,853,"21,941","1,236",792,"21,517","1,211",Admin,853,"1,236",26,228,11,0,0,0
1/2/2021,53,DC,"1,905","15,072",843,"1,903","15,024",842,Report,"1,905",843,0,0,0,0,0,0
1/2/2021,53,DC,"1,228","21,088","1,128","1,197","20,725","1,111",Admin,"1,228","1,129",13,202,8,0,0,0
1/1/2021,53,DC,265,"19,860","1,042",252,"19,528","1,029",Admin,265,"1,043",8,189,6,0,0,0
1/1/2021,53,DC,0,"13,167",765,0,"13,121",765,Report,0,765,0,0,0,0,0,0
12/31/2020,53,DC,"1,797","13,167","1,086","1,794","13,121","1,085",Report,"1,797","1,086",0,0,0,0,0,0
12/31/2020,53,DC,"1,040","19,595","1,005","1,010","19,276",994,Admin,"1,040","1,006",21,181,5,0,0,0
12/30/2020,53,DC,0,"11,370",829,0,"11,327",829,Report,0,829,0,0,0,0,0,0
12/30/2020,53,DC,"1,162","18,555","1,064","1,153","18,266","1,057",Admin,"1,162","1,064",2,160,2,0,0,0
12/29/2020,53,DC,"1,988","17,393","1,165","1,969","17,113","1,159",Admin,"1,988","1,166",6,158,2,0,0,0
12/29/2020,53,DC,"1,389","11,370","1,177","1,389","11,327","1,172",Report,"1,389","1,177",0,0,0,0,0,0
12/28/2020,53,DC,"2,116","15,405","1,151","2,102","15,144","1,146",Admin,"2,116","1,151",7,152,2,0,0,0
12/28/2020,53,DC,457,"9,981","1,022",457,"9,938","1,016",Report,457,"1,022",0,0,0,0,0,0
12/27/2020,53,DC,353,"9,524","1,361",353,"9,481","1,354",Report,353,"1,361",0,0,0,0,0,0
12/27/2020,53,DC,101,"13,289","1,100",96,"13,042","1,086",Admin,101,"1,100",1,145,7,0,0,0
12/26/2020,52,DC,"1,361","9,171","1,310","1,361","9,128","1,304",Report,"1,361","1,310",0,0,0,0,0,0
12/26/2020,52,DC,627,"13,188","1,159",624,"12,946","1,129",Admin,627,"1,159",2,144,18,0,0,0
12/25/2020,52,DC,"2,243","7,810","1,116","2,240","7,767","1,110",Report,"2,243","1,116",0,0,0,0,0,0
12/25/2020,52,DC,5,"12,561","1,149",4,"12,322","1,120",Admin,5,"1,150",0,142,18,0,0,0
12/24/2020,52,DC,0,"5,567",795,0,"5,527",790,Report,0,795,0,0,0,0,0,0
12/24/2020,52,DC,"1,452","12,556","1,380","1,450","12,318","1,350",Admin,"1,452","1,381",1,142,18,0,0,0
12/23/2020,52,DC,"2,435","5,567",795,"2,403","5,527",790,Report,"2,435",795,0,0,0,0,0,0
12/23/2020,52,DC,"1,870","11,104","1,401","1,865","10,868","1,370",Admin,"1,870","1,401",3,141,18,0,0,0
12/22/2020,52,DC,"1,888","9,234","1,272","1,879","9,003","1,241",Admin,"1,888","1,272",3,138,17,0,0,0
12/22/2020,52,DC,307,"3,132",447,299,"3,124",446,Report,307,447,0,0,0,0,0,0
12/21/2020,52,DC,"2,825","2,825",404,"2,825","2,825",404,Report,"2,825",404,0,0,0,0,0,0
12/21/2020,52,DC,"1,758","7,346","1,036","1,684","7,124","1,006",Admin,"1,758","1,036",41,135,17,0,0,0
12/20/2020,52,DC,0,0,0,0,0,0,Report,0,0,0,0,0,0,0,0
12/20/2020,52,DC,513,"5,588",787,397,"5,440",768,Admin,513,788,76,94,11,0,0,0
12/19/2020,51,DC,563,"5,075",725,558,"5,043",720,Admin,563,725,2,18,2,0,0,0
12/19/2020,51,DC,0,0,0,0,0,0,Report,0,0,0,0,0,0,0,0
12/18/2020,51,DC,0,0,0,0,0,0,Report,0,0,0,0,0,0,0,0
12/18/2020,51,DC,"1,620","4,512",752,"1,617","4,485",748,Admin,"1,620",752,2,16,2,0,0,0
12/17/2020,51,DC,0,0,0,0,0,0,Report,0,0,0,0,0,0,0,0
12/17/2020,51,DC,"1,598","2,892",578,"1,590","2,868",574,Admin,"1,598",578,1,14,2,0,0,0
12/16/2020,51,DC,0,0,0,0,0,0,Report,0,0,0,0,0,0,0,0
12/16/2020,51,DC,965,"1,294",323,962,"1,278",320,Admin,965,324,0,13,3,0,0,0
12/15/2020,51,DC,237,329,109,236,316,105,Admin,237,110,0,13,4,0,0,0
12/15/2020,51,DC,0,0,0,0,0,0,Report,0,0,0,0,0,0,0,0
12/14/2020,51,DC,17,92,46,17,80,40,Admin,17,46,0,13,6,0,0,0
12/14/2020,51,DC,0,0,0,0,0,0,Report,0,0,0,0,0,0,0,0
12/13/2020,51,DC,75,75,75,63,63,63,Admin,75,75,13,13,13,0,0,0
12/13/2020,51,DC,0,0,0,0,0,0,Report,0,0,0,0,0,0,0,0
