"Date","MMWR_week","Location","Administered_Daily","Administered_Cumulative","Admin_Dose_1_Daily","Admin_Dose_1_Cumulative","Series_Complete_Daily","Series_Complete_Cumulative","Booster_Daily","Booster_Cumulative","date_type"
2021-12-02,48,"DC",0,1173103,0,618757,0,457985,0,78800,"Admin"
2021-12-01,48,"DC",1435,1173103,400,618757,550,457985,829,78800,"Admin"
2021-11-30,48,"DC",1894,1171668,543,618357,800,457435,935,77971,"Admin"
2021-11-29,48,"DC",1480,1169774,496,617814,600,456635,761,77036,"Admin"
2021-11-28,48,"DC",701,1168294,100,617318,775,456035,220,76275,"Admin"
2021-11-27,47,"DC",531,1167593,111,617218,488,455260,358,76055,"Admin"
2021-11-26,47,"DC",973,1167062,276,617107,459,454772,634,75697,"Admin"
2021-11-25,47,"DC",10,1166089,7,616831,5,454313,7,75063,"Admin"
2021-11-24,47,"DC",1134,1166079,383,616824,237,454308,896,75056,"Admin"
2021-11-23,47,"DC",2116,1164945,766,616441,299,454071,1445,74160,"Admin"
2021-11-22,47,"DC",3578,1162829,1371,615675,412,453772,2039,72715,"Admin"
2021-11-21,47,"DC",1235,1159251,543,614304,138,453360,747,70676,"Admin"
2021-11-20,46,"DC",2333,1158016,1190,613761,230,453222,1080,69929,"Admin"
2021-11-19,46,"DC",4022,1155683,1746,612571,431,452992,2033,68849,"Admin"
2021-11-18,46,"DC",3603,1151661,1483,610825,403,452561,1840,66816,"Admin"
2021-11-17,46,"DC",3863,1148058,1513,609342,410,452158,1959,64976,"Admin"
2021-11-16,46,"DC",4125,1144195,1855,607829,472,451748,1939,63017,"Admin"
2021-11-15,46,"DC",3679,1140070,1393,605974,418,451276,1929,61078,"Admin"
2021-11-14,46,"DC",1151,1136391,580,604581,148,450858,521,59149,"Admin"
2021-11-13,45,"DC",2622,1135240,1596,604001,232,450710,879,58628,"Admin"
2021-11-12,45,"DC",4061,1132618,2037,602405,383,450478,1765,57749,"Admin"
2021-11-11,45,"DC",3224,1128557,1432,600368,299,450095,1579,55984,"Admin"
2021-11-10,45,"DC",4133,1125333,1917,598936,472,449796,1749,54405,"Admin"
2021-11-09,45,"DC",4140,1121200,2080,597019,441,449324,1691,52656,"Admin"
2021-11-08,45,"DC",3750,1117060,1795,594939,367,448883,1597,50965,"Admin"
2021-11-07,45,"DC",2065,1113310,1454,593144,137,448516,561,49368,"Admin"
2021-11-06,44,"DC",2154,1111245,1111,591690,281,448379,887,48807,"Admin"
2021-11-05,44,"DC",4896,1109091,2264,590579,449,448098,2172,47920,"Admin"
2021-11-04,44,"DC",3990,1104195,1568,588315,479,447649,2004,45748,"Admin"
2021-11-03,44,"DC",3924,1100205,1500,586747,490,447170,1904,43744,"Admin"
2021-11-02,44,"DC",3850,1096281,1511,585247,489,446680,1905,41840,"Admin"
2021-11-01,44,"DC",3949,1092431,1494,583736,497,446191,2038,39935,"Admin"
2021-10-31,44,"DC",1130,1088482,533,582242,155,445694,571,37897,"Admin"
2021-10-30,43,"DC",1927,1087352,695,581709,410,445539,899,37326,"Admin"
2021-10-29,43,"DC",3924,1085425,1408,581014,514,445129,1921,36427,"Admin"
2021-10-28,43,"DC",3796,1081501,1353,579606,479,444615,1834,34506,"Admin"
2021-10-27,43,"DC",3769,1077705,1363,578253,450,444136,1840,32672,"Admin"
2021-10-26,43,"DC",4063,1073936,1485,576890,482,443686,2001,30832,"Admin"
2021-10-25,43,"DC",3606,1069873,1311,575405,474,443204,1834,28831,"Admin"
2021-10-24,43,"DC",982,1066267,454,574094,129,442730,469,26997,"Admin"
2021-10-23,42,"DC",1427,1065285,493,573640,289,442601,749,26528,"Admin"
2021-10-22,42,"DC",3388,1063858,1142,573147,524,442312,1691,25779,"Admin"
2021-10-21,42,"DC",2302,1060470,792,572005,488,441788,798,24088,"Admin"
2021-10-20,42,"DC",2197,1058168,792,571213,471,441300,739,23290,"Admin"
2021-10-19,42,"DC",2305,1055971,808,570421,518,440829,806,22551,"Admin"
2021-10-18,42,"DC",2072,1053666,823,569613,432,440311,770,21745,"Admin"
2021-10-17,42,"DC",397,1051594,188,568790,140,439879,127,20975,"Admin"
2021-10-16,41,"DC",927,1051197,380,568602,300,439739,289,20848,"Admin"
2021-10-15,41,"DC",2410,1050270,729,568222,510,439439,829,20559,"Admin"
2021-10-14,41,"DC",2099,1047860,671,567493,459,438929,775,19730,"Admin"
2021-10-13,41,"DC",2144,1045761,719,566822,465,438470,757,18955,"Admin"
2021-10-12,41,"DC",2326,1043617,804,566103,569,438005,765,18198,"Admin"
2021-10-11,41,"DC",1749,1041291,651,565299,357,437436,647,17433,"Admin"
2021-10-10,41,"DC",630,1039542,279,564648,143,437079,238,16786,"Admin"
2021-10-09,40,"DC",1163,1038912,536,564369,315,436936,323,16548,"Admin"
2021-10-08,40,"DC",2366,1037749,901,563833,480,436621,746,16225,"Admin"
2021-10-07,40,"DC",2702,1035383,864,562932,570,436141,901,15479,"Admin"
2021-10-06,40,"DC",2100,1032681,672,562068,429,435571,644,14578,"Admin"
2021-10-05,40,"DC",2054,1030581,673,561396,482,435142,701,13934,"Admin"
2021-10-04,40,"DC",2289,1028527,861,560723,419,434660,831,13233,"Admin"
2021-10-03,40,"DC",573,1026238,270,559862,163,434241,176,12402,"Admin"
2021-10-02,39,"DC",1055,1025665,465,559592,326,434078,277,12226,"Admin"
2021-10-01,39,"DC",2433,1024610,1018,559127,551,433752,819,11949,"Admin"
2021-09-30,39,"DC",2571,1022177,1170,558109,559,433201,709,11130,"Admin"
2021-09-29,39,"DC",2407,1019606,1066,556939,532,432642,668,10421,"Admin"
2021-09-28,39,"DC",2343,1017199,1133,555873,601,432110,629,9753,"Admin"
2021-09-27,39,"DC",1918,1014856,1009,554740,293,431509,654,9124,"Admin"
2021-09-26,39,"DC",702,1012938,292,553731,216,431216,209,8470,"Admin"
2021-09-25,38,"DC",1294,1012236,703,553439,364,431000,244,8261,"Admin"
2021-09-24,38,"DC",1822,1010942,822,552736,607,430636,418,8017,"Admin"
2021-09-23,38,"DC",1489,1009120,749,551914,491,430029,232,7599,"Admin"
2021-09-22,38,"DC",1299,1007631,663,551165,446,429538,191,7367,"Admin"
2021-09-21,38,"DC",1700,1006332,820,550502,620,429092,231,7176,"Admin"
2021-09-20,38,"DC",1444,1004632,646,549682,511,428472,242,6945,"Admin"
2021-09-19,38,"DC",485,1003188,217,549036,194,427961,98,6703,"Admin"
2021-09-18,37,"DC",1110,1002703,555,548819,460,427767,125,6605,"Admin"
2021-09-17,37,"DC",1816,1001593,874,548264,622,427307,227,6480,"Admin"
2021-09-16,37,"DC",1529,999777,789,547390,562,426685,163,6253,"Admin"
2021-09-15,37,"DC",1646,998248,803,546601,618,426123,181,6090,"Admin"
2021-09-14,37,"DC",1757,996602,974,545798,646,425505,159,5909,"Admin"
2021-09-13,37,"DC",1415,994845,771,544824,503,424859,153,5750,"Admin"
2021-09-12,37,"DC",438,993430,233,544053,182,424356,60,5597,"Admin"
2021-09-11,36,"DC",1030,992992,543,543820,434,424174,90,5537,"Admin"
2021-09-10,36,"DC",1658,991962,881,543277,611,423740,229,5447,"Admin"
2021-09-09,36,"DC",1513,990304,749,542396,595,423129,202,5218,"Admin"
2021-09-08,36,"DC",1444,988791,773,541647,543,422534,193,5016,"Admin"
2021-09-07,36,"DC",1725,987347,810,540874,696,421991,212,4823,"Admin"
2021-09-06,36,"DC",138,985622,72,540064,65,421295,20,4611,"Admin"
2021-09-05,36,"DC",503,985484,286,539992,174,421230,86,4591,"Admin"
2021-09-04,35,"DC",896,984981,462,539706,376,421056,145,4505,"Admin"
2021-09-03,35,"DC",1615,984085,847,539244,574,420680,238,4360,"Admin"
2021-09-02,35,"DC",1737,982470,890,538397,611,420106,251,4122,"Admin"
2021-09-01,35,"DC",1260,980733,659,537507,427,419495,228,3871,"Admin"
2021-08-31,35,"DC",1719,979473,981,536848,602,419068,225,3643,"Admin"
2021-08-30,35,"DC",1406,977754,763,535867,513,418466,208,3418,"Admin"
2021-08-29,35,"DC",551,976348,316,535104,223,417953,93,3210,"Admin"
2021-08-28,34,"DC",1240,975797,652,534788,515,417730,120,3117,"Admin"
2021-08-27,34,"DC",1793,974557,978,534136,561,417215,271,2997,"Admin"
2021-08-26,34,"DC",1735,972764,917,533158,617,416654,247,2726,"Admin"
2021-08-25,34,"DC",1736,971029,945,532241,533,416037,272,2479,"Admin"
2021-08-24,34,"DC",1854,969293,1024,531296,623,415504,285,2207,"Admin"
2021-08-23,34,"DC",1604,967439,808,530272,470,414881,360,1922,"Admin"
2021-08-22,34,"DC",473,965835,226,529464,183,414411,102,1562,"Admin"
2021-08-21,33,"DC",1157,965362,634,529238,461,414228,129,1460,"Admin"
2021-08-20,33,"DC",1651,964205,857,528604,590,413767,263,1331,"Admin"
2021-08-19,33,"DC",1769,962554,940,527747,562,413177,297,1068,"Admin"
2021-08-18,33,"DC",1500,960785,845,526807,485,412615,205,771,"Admin"
2021-08-17,33,"DC",1708,959285,1009,525962,564,412130,183,566,"Admin"
2021-08-16,33,"DC",1195,957577,690,524953,400,411566,178,383,"Admin"
2021-08-15,33,"DC",480,956382,288,524263,187,411166,73,205,"Admin"
2021-08-14,32,"DC",1075,955902,676,523975,325,410979,99,132,"Admin"
2021-08-13,32,"DC",1199,954827,700,523299,508,410654,33,33,"Admin"
2021-08-12,32,"DC",1340,953628,826,522599,513,410146,0,0,"Admin"
2021-08-11,32,"DC",1121,952288,740,521773,406,409633,0,0,"Admin"
2021-08-10,32,"DC",1441,951167,925,521033,580,409227,0,0,"Admin"
2021-08-09,32,"DC",1054,949726,656,520108,419,408647,0,0,"Admin"
2021-08-08,32,"DC",326,948672,207,519452,157,408228,0,0,"Admin"
2021-08-07,31,"DC",1102,948346,720,519245,397,408071,0,0,"Admin"
2021-08-06,31,"DC",1211,947244,762,518525,456,407674,0,0,"Admin"
2021-08-05,31,"DC",1225,946033,827,517763,413,407218,0,0,"Admin"
2021-08-04,31,"DC",1273,944808,847,516936,396,406805,0,0,"Admin"
2021-08-03,31,"DC",1199,943535,755,516089,471,406409,0,0,"Admin"
2021-08-02,31,"DC",1108,942336,658,515334,409,405938,0,0,"Admin"
2021-08-01,31,"DC",385,941228,244,514676,152,405529,0,0,"Admin"
2021-07-31,30,"DC",1024,940843,640,514432,408,405377,0,0,"Admin"
2021-07-30,30,"DC",1283,939819,760,513792,522,404969,0,0,"Admin"
2021-07-29,30,"DC",1111,938536,716,513032,422,404447,0,0,"Admin"
2021-07-28,30,"DC",1157,937425,698,512316,453,404025,0,0,"Admin"
2021-07-27,30,"DC",1304,936268,760,511618,566,403572,0,0,"Admin"
2021-07-26,30,"DC",809,934964,488,510858,337,403006,0,0,"Admin"
2021-07-25,30,"DC",271,934155,191,510370,92,402669,0,0,"Admin"
2021-07-24,29,"DC",788,933884,518,510179,302,402577,0,0,"Admin"
2021-07-23,29,"DC",1177,933096,673,509661,476,402275,0,0,"Admin"
2021-07-22,29,"DC",1176,931919,690,508988,507,401799,0,0,"Admin"
2021-07-21,29,"DC",1110,930743,655,508298,449,401292,0,0,"Admin"
2021-07-20,29,"DC",1140,929633,661,507643,483,400843,0,0,"Admin"
2021-07-19,29,"DC",972,928493,503,506982,481,400360,0,0,"Admin"
2021-07-18,29,"DC",300,927521,172,506479,150,399879,0,0,"Admin"
2021-07-17,28,"DC",959,927221,533,506307,462,399729,0,0,"Admin"
2021-07-16,28,"DC",1155,926262,674,505774,505,399267,0,0,"Admin"
2021-07-15,28,"DC",1225,925107,652,505100,590,398762,0,0,"Admin"
2021-07-14,28,"DC",1007,923882,595,504448,460,398172,0,0,"Admin"
2021-07-13,28,"DC",1270,922875,733,503853,580,397712,0,0,"Admin"
2021-07-12,28,"DC",1126,921605,629,503120,520,397132,0,0,"Admin"
2021-07-11,28,"DC",306,920479,161,502491,165,396612,0,0,"Admin"
2021-07-10,27,"DC",1161,920173,570,502330,583,396447,0,0,"Admin"
2021-07-09,27,"DC",1308,919012,672,501760,624,395864,0,0,"Admin"
2021-07-08,27,"DC",1225,917704,645,501088,582,395240,0,0,"Admin"
2021-07-07,27,"DC",1207,916479,570,500443,669,394658,0,0,"Admin"
2021-07-06,27,"DC",1553,915272,801,499873,765,393989,0,0,"Admin"
2021-07-05,27,"DC",714,913719,405,499072,358,393224,0,0,"Admin"
2021-07-04,27,"DC",83,913005,58,498667,36,392866,0,0,"Admin"
2021-07-03,26,"DC",711,912922,435,498609,312,392830,0,0,"Admin"
2021-07-02,26,"DC",1297,912211,646,498174,656,392518,0,0,"Admin"
2021-07-01,26,"DC",1337,910914,697,497528,595,391862,0,0,"Admin"
2021-06-30,26,"DC",1323,909577,683,496831,669,391267,0,0,"Admin"
2021-06-29,26,"DC",1455,908254,733,496148,754,390598,0,0,"Admin"
2021-06-28,26,"DC",1313,906799,671,495415,664,389844,0,0,"Admin"
2021-06-27,26,"DC",467,905486,223,494744,270,389180,0,0,"Admin"
2021-06-26,25,"DC",1094,905019,548,494521,604,388910,0,0,"Admin"
2021-06-25,25,"DC",1451,903925,757,493973,746,388306,0,0,"Admin"
2021-06-24,25,"DC",1425,902474,737,493216,719,387560,0,0,"Admin"
2021-06-23,25,"DC",1377,901049,660,492479,786,386841,0,0,"Admin"
2021-06-22,25,"DC",1455,899672,703,491819,786,386055,0,0,"Admin"
2021-06-21,25,"DC",1147,898217,698,491116,489,385269,0,0,"Admin"
2021-06-20,25,"DC",489,897070,233,490418,331,384780,0,0,"Admin"
2021-06-19,24,"DC",1302,896581,741,490185,700,384449,0,0,"Admin"
2021-06-18,24,"DC",1561,895279,693,489444,885,383749,0,0,"Admin"
2021-06-17,24,"DC",1781,893718,813,488751,989,382864,0,0,"Admin"
2021-06-16,24,"DC",1935,891937,803,487938,1111,381875,0,0,"Admin"
2021-06-15,24,"DC",1989,890002,917,487135,1118,380764,0,0,"Admin"
2021-06-14,24,"DC",2090,888013,872,486218,1252,379646,0,0,"Admin"
2021-06-13,24,"DC",626,885923,247,485346,463,378394,0,0,"Admin"
2021-06-12,23,"DC",2171,885297,959,485099,1173,377931,0,0,"Admin"
2021-06-11,23,"DC",2401,883126,903,484140,1483,376758,0,0,"Admin"
2021-06-10,23,"DC",2248,880725,943,483237,1328,375275,0,0,"Admin"
2021-06-09,23,"DC",2795,878477,1107,482294,1684,373947,0,0,"Admin"
2021-06-08,23,"DC",2318,875682,865,481187,1476,372263,0,0,"Admin"
2021-06-07,23,"DC",2464,873364,1087,480322,1421,370787,0,0,"Admin"
2021-06-06,23,"DC",1042,870900,420,479235,709,369366,0,0,"Admin"
2021-06-05,22,"DC",2324,869858,904,478815,1481,368657,0,0,"Admin"
2021-06-04,22,"DC",2886,867534,1068,477911,1837,367176,0,0,"Admin"
2021-06-03,22,"DC",2900,864648,998,476843,1913,365339,0,0,"Admin"
2021-06-02,22,"DC",2317,861748,987,475845,1293,363426,0,0,"Admin"
2021-06-01,22,"DC",2601,859431,1062,474858,1557,362133,0,0,"Admin"
2021-05-31,22,"DC",294,856830,117,473796,202,360576,0,0,"Admin"
2021-05-30,22,"DC",682,856536,380,473679,346,360374,0,0,"Admin"
2021-05-29,21,"DC",1312,855854,664,473299,704,360028,0,0,"Admin"
2021-05-28,21,"DC",2686,854542,1185,472635,1433,359324,0,0,"Admin"
2021-05-27,21,"DC",3086,851856,1315,471450,1752,357891,0,0,"Admin"
2021-05-26,21,"DC",2887,848770,1304,470135,1512,356139,0,0,"Admin"
2021-05-25,21,"DC",3004,845883,1247,468831,1589,354627,0,0,"Admin"
2021-05-24,21,"DC",3474,842879,1353,467584,1954,353038,0,0,"Admin"
2021-05-23,21,"DC",1794,839405,580,466231,1153,351084,0,0,"Admin"
2021-05-22,20,"DC",3545,837611,1616,465651,1784,349931,0,0,"Admin"
2021-05-21,20,"DC",5168,834066,1809,464035,3172,348147,0,0,"Admin"
2021-05-20,20,"DC",5401,828898,1704,462226,3502,344975,0,0,"Admin"
2021-05-19,20,"DC",5860,823497,2223,460522,3436,341473,0,0,"Admin"
2021-05-18,20,"DC",5729,817637,2055,458299,3419,338037,0,0,"Admin"
2021-05-17,20,"DC",5883,811908,2060,456244,3550,334618,0,0,"Admin"
2021-05-16,20,"DC",2730,806025,896,454184,1731,331068,0,0,"Admin"
2021-05-15,19,"DC",5877,803295,1946,453288,3797,329337,0,0,"Admin"
2021-05-14,19,"DC",8614,797418,2530,451342,5660,325540,0,0,"Admin"
2021-05-13,19,"DC",7645,788804,2450,448812,4861,319880,0,0,"Admin"
2021-05-12,19,"DC",6548,781159,1595,446362,4849,315019,0,0,"Admin"
2021-05-11,19,"DC",5558,774611,1515,444767,4121,310170,0,0,"Admin"
2021-05-10,19,"DC",5069,769053,1165,443252,3896,306049,0,0,"Admin"
2021-05-09,19,"DC",1654,763984,586,442087,1282,302153,0,0,"Admin"
2021-05-08,18,"DC",5200,762330,1295,441501,4112,300871,0,0,"Admin"
2021-05-07,18,"DC",8535,757130,1759,440206,6544,296759,0,0,"Admin"
2021-05-06,18,"DC",8280,748595,2194,438447,6060,290215,0,0,"Admin"
2021-05-05,18,"DC",7351,740315,1962,436253,5540,284155,0,0,"Admin"
2021-05-04,18,"DC",7883,732964,1844,434291,6023,278615,0,0,"Admin"
2021-05-03,18,"DC",7967,725081,1671,432447,6484,272592,0,0,"Admin"
2021-05-02,18,"DC",1995,717114,867,430776,1647,266108,0,0,"Admin"
2021-05-01,17,"DC",5257,715119,2499,429909,3669,264461,0,0,"Admin"
2021-04-30,17,"DC",9123,709862,3590,427410,6056,260792,0,0,"Admin"
2021-04-29,17,"DC",9993,700739,3986,423820,6617,254736,0,0,"Admin"
2021-04-28,17,"DC",8386,690746,2931,419834,5765,248119,0,0,"Admin"
2021-04-27,17,"DC",6689,682360,2925,416903,4142,242354,0,0,"Admin"
2021-04-26,17,"DC",7951,675671,3387,413978,4911,238212,0,0,"Admin"
2021-04-25,17,"DC",4966,667720,2881,410591,2191,233301,0,0,"Admin"
2021-04-24,16,"DC",7920,662754,4161,407710,4462,231110,0,0,"Admin"
2021-04-23,16,"DC",10425,654834,4991,403549,5967,226648,0,0,"Admin"
2021-04-22,16,"DC",10636,644409,5090,398558,5797,220681,0,0,"Admin"
2021-04-21,16,"DC",9198,633773,4956,393468,4873,214884,0,0,"Admin"
2021-04-20,16,"DC",9004,624575,4887,388512,4525,210011,0,0,"Admin"
2021-04-19,16,"DC",8180,615571,4776,383625,3671,205486,0,0,"Admin"
2021-04-18,16,"DC",3258,607391,1837,378849,1609,201815,0,0,"Admin"
2021-04-17,15,"DC",8328,604133,5324,377012,3317,200206,0,0,"Admin"
2021-04-16,15,"DC",12354,595805,8360,371688,4273,196889,0,0,"Admin"
2021-04-15,15,"DC",11692,583451,7221,363328,4581,192616,0,0,"Admin"
2021-04-14,15,"DC",11544,571759,7725,356107,4107,188035,0,0,"Admin"
2021-04-13,15,"DC",10921,560215,7017,348382,4018,183928,0,0,"Admin"
2021-04-12,15,"DC",11007,549294,6879,341365,5264,179910,0,0,"Admin"
2021-04-11,15,"DC",3551,538287,2284,334486,2971,174646,0,0,"Admin"
2021-04-10,14,"DC",8026,534736,4825,332202,4564,171675,0,0,"Admin"
2021-04-09,14,"DC",11973,526710,8347,327377,5517,167111,0,0,"Admin"
2021-04-08,14,"DC",11567,514737,7293,319030,5978,161594,0,0,"Admin"
2021-04-07,14,"DC",11091,503170,7038,311737,5787,155616,0,0,"Admin"
2021-04-06,14,"DC",9539,492079,6188,304699,4545,149829,0,0,"Admin"
2021-04-05,14,"DC",8905,482540,5702,298511,3985,145284,0,0,"Admin"
2021-04-04,14,"DC",1766,473635,1370,292809,613,141299,0,0,"Admin"
2021-04-03,13,"DC",6653,471869,3924,291439,3881,140686,0,0,"Admin"
2021-04-02,13,"DC",9424,465216,6036,287515,3900,136805,0,0,"Admin"
2021-04-01,13,"DC",11964,455792,7304,281479,5320,132905,0,0,"Admin"
2021-03-31,13,"DC",9963,443828,6129,274175,3675,127585,0,0,"Admin"
2021-03-30,13,"DC",8903,433865,5119,268046,3858,123910,0,0,"Admin"
2021-03-29,13,"DC",7794,424962,4374,262927,3351,120052,0,0,"Admin"
2021-03-28,13,"DC",3732,417168,2851,258553,1356,116701,0,0,"Admin"
2021-03-27,12,"DC",7376,413436,4214,255702,2996,115345,0,0,"Admin"
2021-03-26,12,"DC",9677,406060,6098,251488,3666,112349,0,0,"Admin"
2021-03-25,12,"DC",8935,396383,5033,245390,3459,108683,0,0,"Admin"
2021-03-24,12,"DC",7407,387448,4023,240357,2942,105224,0,0,"Admin"
2021-03-23,12,"DC",6724,380041,3922,236334,2670,102282,0,0,"Admin"
2021-03-22,12,"DC",5758,373317,3762,232412,1894,99612,0,0,"Admin"
2021-03-21,12,"DC",3856,367559,3043,228650,1781,97718,0,0,"Admin"
2021-03-20,11,"DC",6389,363703,4760,225607,1774,95937,0,0,"Admin"
2021-03-19,11,"DC",6440,357314,4373,220847,2101,94163,0,0,"Admin"
2021-03-18,11,"DC",6826,350874,4838,216474,1391,92062,0,0,"Admin"
2021-03-17,11,"DC",6762,344048,3949,211636,2071,90671,0,0,"Admin"
2021-03-16,11,"DC",6326,337286,3607,207687,1841,88600,0,0,"Admin"
2021-03-15,11,"DC",5379,330960,3520,204080,1341,86759,0,0,"Admin"
2021-03-14,11,"DC",3227,325581,2173,200560,2113,85418,0,0,"Admin"
2021-03-13,10,"DC",6294,322354,4477,198387,2601,83305,0,0,"Admin"
2021-03-12,10,"DC",6382,316060,3863,193910,1778,80704,0,0,"Admin"
2021-03-11,10,"DC",6885,309678,4818,190047,1765,78926,0,0,"Admin"
2021-03-10,10,"DC",6924,302793,4101,185229,2135,77161,0,0,"Admin"
2021-03-09,10,"DC",6625,295869,3949,181128,2231,75026,0,0,"Admin"
2021-03-08,10,"DC",5922,289244,3603,177179,1575,72795,0,0,"Admin"
2021-03-07,10,"DC",1420,283322,943,173576,528,71220,0,0,"Admin"
2021-03-06,9,"DC",7572,281902,5496,172633,4059,70692,0,0,"Admin"
2021-03-05,9,"DC",6041,274330,3893,167137,1457,66633,0,0,"Admin"
2021-03-04,9,"DC",6641,268289,4078,163244,2101,65176,0,0,"Admin"
2021-03-03,9,"DC",6217,261648,3908,159166,1938,63075,0,0,"Admin"
2021-03-02,9,"DC",5794,255431,3366,155258,1946,61137,0,0,"Admin"
2021-03-01,9,"DC",5824,249637,3010,151892,2151,59191,0,0,"Admin"
2021-02-28,9,"DC",1456,243813,893,148882,537,57040,0,0,"Admin"
2021-02-27,8,"DC",4557,242357,1909,147989,1815,56503,0,0,"Admin"
2021-02-26,8,"DC",5086,237800,2956,146080,1696,54688,0,0,"Admin"
2021-02-25,8,"DC",5365,232714,2904,143124,1892,52992,0,0,"Admin"
2021-02-24,8,"DC",5251,227349,2851,140220,1805,51100,0,0,"Admin"
2021-02-23,8,"DC",5314,222098,2826,137369,1737,49295,0,0,"Admin"
2021-02-22,8,"DC",3540,216784,1749,134543,1218,47558,0,0,"Admin"
2021-02-21,8,"DC",2155,213244,1266,132794,730,46340,0,0,"Admin"
2021-02-20,7,"DC",5455,211089,1783,131528,2159,45610,0,0,"Admin"
2021-02-19,7,"DC",5465,205634,2768,129745,1733,43451,0,0,"Admin"
2021-02-18,7,"DC",2716,200169,1142,126977,1142,41718,0,0,"Admin"
2021-02-17,7,"DC",6569,197453,3181,125835,2178,40576,0,0,"Admin"
2021-02-16,7,"DC",6395,190884,2657,122654,2437,38398,0,0,"Admin"
2021-02-15,7,"DC",4484,184489,1661,119997,1901,35961,0,0,"Admin"
2021-02-14,7,"DC",2021,180005,502,118336,1494,34060,0,0,"Admin"
2021-02-13,6,"DC",3695,177984,1898,117834,1117,32566,0,0,"Admin"
2021-02-12,6,"DC",6905,174289,2654,115936,3520,31449,0,0,"Admin"
2021-02-11,6,"DC",5086,167384,2446,113282,2085,27929,0,0,"Admin"
2021-02-10,6,"DC",5915,162298,2537,110836,2710,25844,0,0,"Admin"
2021-02-09,6,"DC",4919,156383,2678,108299,1644,23134,0,0,"Admin"
2021-02-08,6,"DC",4423,151464,2569,105621,1305,21490,0,0,"Admin"
2021-02-07,6,"DC",2062,147041,462,103052,671,20185,0,0,"Admin"
2021-02-06,5,"DC",3894,144979,2665,102590,819,19514,0,0,"Admin"
2021-02-05,5,"DC",6166,141085,2423,99925,2093,18695,0,0,"Admin"
2021-02-04,5,"DC",5645,134919,3016,97502,1686,16602,0,0,"Admin"
2021-02-03,5,"DC",5582,129274,2476,94486,1603,14916,0,0,"Admin"
2021-02-02,5,"DC",4134,123692,2270,92010,1093,13313,0,0,"Admin"
2021-02-01,5,"DC",2629,119558,1378,89740,719,12220,0,0,"Admin"
2021-01-31,5,"DC",1782,116929,496,88362,695,11501,0,0,"Admin"
2021-01-30,4,"DC",4559,115147,3948,87866,247,10806,0,0,"Admin"
2021-01-29,4,"DC",4718,110588,3201,83918,727,10559,0,0,"Admin"
2021-01-28,4,"DC",4593,105870,3470,80717,485,9832,0,0,"Admin"
2021-01-27,4,"DC",5211,101277,3060,77247,932,9347,0,0,"Admin"
2021-01-26,4,"DC",4943,96066,3620,74187,509,8415,0,0,"Admin"
2021-01-25,4,"DC",3918,91123,2224,70567,625,7906,0,0,"Admin"
2021-01-24,4,"DC",692,87205,598,68343,64,7281,0,0,"Admin"
2021-01-23,3,"DC",2884,86513,2537,67745,139,7217,0,0,"Admin"
2021-01-22,3,"DC",3794,83629,2992,65208,224,7078,0,0,"Admin"
2021-01-21,3,"DC",4918,79835,3584,62216,350,6854,0,0,"Admin"
2021-01-20,3,"DC",1670,74917,1233,58632,212,6504,0,0,"Admin"
2021-01-19,3,"DC",4032,73247,2649,57399,509,6292,0,0,"Admin"
2021-01-18,3,"DC",1183,69215,837,54750,163,5783,0,0,"Admin"
2021-01-17,3,"DC",448,68032,432,53913,18,5620,0,0,"Admin"
2021-01-16,2,"DC",2410,67584,2211,53481,74,5602,0,0,"Admin"
2021-01-15,2,"DC",4833,65174,3505,51270,316,5528,0,0,"Admin"
2021-01-14,2,"DC",4598,60341,3442,47765,481,5212,0,0,"Admin"
2021-01-13,2,"DC",4249,55743,2816,44323,567,4731,0,0,"Admin"
2021-01-12,2,"DC",4868,51494,3164,41507,656,4164,0,0,"Admin"
2021-01-11,2,"DC",3723,46626,1886,38343,675,3508,0,0,"Admin"
2021-01-10,2,"DC",1621,42903,1451,36457,73,2833,0,0,"Admin"
2021-01-09,1,"DC",2425,41282,1982,35006,203,2760,0,0,"Admin"
2021-01-08,1,"DC",3351,38857,1770,33024,667,2557,0,0,"Admin"
2021-01-07,1,"DC",3719,35506,2197,31254,696,1890,0,0,"Admin"
2021-01-06,1,"DC",3572,31787,2404,29057,506,1194,0,0,"Admin"
2021-01-05,1,"DC",3208,28215,2410,26653,286,688,0,0,"Admin"
2021-01-04,1,"DC",3066,25007,2726,24243,174,402,0,0,"Admin"
2021-01-03,1,"DC",853,21941,792,21517,26,228,0,0,"Admin"
2021-01-02,53,"DC",1228,21088,1197,20725,13,202,0,0,"Admin"
2021-01-01,53,"DC",265,19860,252,19528,8,189,0,0,"Admin"
2020-12-31,53,"DC",1040,19595,1010,19276,21,181,0,0,"Admin"
2020-12-30,53,"DC",1162,18555,1153,18266,2,160,0,0,"Admin"
2020-12-29,53,"DC",1988,17393,1969,17113,6,158,0,0,"Admin"
2020-12-28,53,"DC",2116,15405,2102,15144,7,152,0,0,"Admin"
2020-12-27,53,"DC",101,13289,96,13042,1,145,0,0,"Admin"
2020-12-26,52,"DC",627,13188,624,12946,2,144,0,0,"Admin"
2020-12-25,52,"DC",5,12561,4,12322,0,142,0,0,"Admin"
2020-12-24,52,"DC",1452,12556,1450,12318,1,142,0,0,"Admin"
2020-12-23,52,"DC",1870,11104,1865,10868,3,141,0,0,"Admin"
2020-12-22,52,"DC",1888,9234,1879,9003,3,138,0,0,"Admin"
2020-12-21,52,"DC",1758,7346,1684,7124,41,135,0,0,"Admin"
2020-12-20,52,"DC",513,5588,397,5440,76,94,0,0,"Admin"
2020-12-19,51,"DC",563,5075,558,5043,2,18,0,0,"Admin"
2020-12-18,51,"DC",1620,4512,1617,4485,2,16,0,0,"Admin"
2020-12-17,51,"DC",1598,2892,1590,2868,1,14,0,0,"Admin"
2020-12-16,51,"DC",965,1294,962,1278,0,13,0,0,"Admin"
2020-12-15,51,"DC",237,329,236,316,0,13,0,0,"Admin"
2020-12-14,51,"DC",17,92,17,80,0,13,0,0,"Admin"
2020-12-13,51,"DC",75,75,63,63,13,13,0,0,"Admin"
